-- --------------------------------------------------------
-- Хост:                         127.0.0.1
-- Версия сервера:               5.6.37 - MySQL Community Server (GPL)
-- Операционная система:         Win32
-- HeidiSQL Версия:              9.4.0.5125
-- --------------------------------------------------------

/*!40101 SET @OLD_CHARACTER_SET_CLIENT=@@CHARACTER_SET_CLIENT */;
/*!40101 SET NAMES utf8 */;
/*!50503 SET NAMES utf8mb4 */;
/*!40014 SET @OLD_FOREIGN_KEY_CHECKS=@@FOREIGN_KEY_CHECKS, FOREIGN_KEY_CHECKS=0 */;
/*!40101 SET @OLD_SQL_MODE=@@SQL_MODE, SQL_MODE='NO_AUTO_VALUE_ON_ZERO' */;


-- Дамп структуры базы данных dish
CREATE DATABASE IF NOT EXISTS `dish` /*!40100 DEFAULT CHARACTER SET utf8 */;
USE `dish`;

-- Дамп структуры для таблица dish.dish
CREATE TABLE IF NOT EXISTS `dish` (
  `id` int(3) NOT NULL AUTO_INCREMENT,
  `nameD` text NOT NULL,
  `composition` text NOT NULL,
  `price` int(6) NOT NULL,
  `time_id` int(2) NOT NULL,
  `weight` int(4) NOT NULL,
  `img` blob NOT NULL,
  PRIMARY KEY (`id`)
) ENGINE=InnoDB AUTO_INCREMENT=25 DEFAULT CHARSET=utf8;

-- Дамп данных таблицы dish.dish: ~18 rows (приблизительно)
/*!40000 ALTER TABLE `dish` DISABLE KEYS */;
INSERT IGNORE INTO `dish` (`id`, `nameD`, `composition`, `price`, `time_id`, `weight`, `img`) VALUES
	(1, 'Харчо', 'Мясо, вода, лук, морковь, петрушка, соль, рис, масло растительное, томатная паста, перец красный, кинза', 400, 1, 250, _binary 0xFFD8FFE000104A46494600010101012C012C0000FFFE004B46696C6520736F757263653A20687474703A2F2F636F6D6D6F6E732E77696B696D656469612E6F72672F77696B692F46696C653A4B68617263686F5F6D6561745F736F75702E6A7067FFE20C584943435F50524F46494C4500010100000C484C696E6F021000006D6E74725247422058595A2007CE00020009000600310000616373704D5346540000000049454320735247420000000000000000000000000000F6D6000100000000D32D4850202000000000000000000000000000000000000000000000000000000000000000000000000000000000000000000000001163707274000001500000003364657363000001840000006C77747074000001F000000014626B707400000204000000147258595A00000218000000146758595A0000022C000000146258595A0000024000000014646D6E640000025400000070646D6464000002C400000088767565640000034C0000008676696577000003D4000000246C756D69000003F8000000146D6561730000040C0000002474656368000004300000000C725452430000043C0000080C675452430000043C0000080C625452430000043C0000080C7465787400000000436F70797269676874202863292031393938204865776C6574742D5061636B61726420436F6D70616E790000646573630000000000000012735247422049454336313936362D322E31000000000000000000000012735247422049454336313936362D322E31000000000000000000000000000000000000000000000000000000000000000000000000000000000000000000000000000058595A20000000000000F35100010000000116CC58595A200000000000000000000000000000000058595A200000000000006FA2000038F50000039058595A2000000000000062990000B785000018DA58595A2000000000000024A000000F840000B6CF64657363000000000000001649454320687474703A2F2F7777772E6965632E636800000000000000000000001649454320687474703A2F2F7777772E6965632E63680000000000000000000000000000000000000000000000000000000000000000000000000000000000000000000064657363000000000000002E4945432036313936362D322E312044656661756C742052474220636F6C6F7572207370616365202D207352474200000000000000000000002E4945432036313936362D322E312044656661756C742052474220636F6C6F7572207370616365202D20735247420000000000000000000000000000000000000000000064657363000000000000002C5265666572656E63652056696577696E6720436F6E646974696F6E20696E2049454336313936362D322E3100000000000000000000002C5265666572656E63652056696577696E6720436F6E646974696F6E20696E2049454336313936362D322E31000000000000000000000000000000000000000000000000000076696577000000000013A4FE00145F2E0010CF140003EDCC0004130B00035C9E0000000158595A2000000000004C09560050000000571FE76D6561730000000000000001000000000000000000000000000000000000028F0000000273696720000000004352542063757276000000000000040000000005000A000F00140019001E00230028002D00320037003B00400045004A004F00540059005E00630068006D00720077007C00810086008B00900095009A009F00A400A900AE00B200B700BC00C100C600CB00D000D500DB00E000E500EB00F000F600FB01010107010D01130119011F0125012B01320138013E0145014C0152015901600167016E0175017C0183018B0192019A01A101A901B101B901C101C901D101D901E101E901F201FA0203020C0214021D0226022F02380241024B0254025D02670271027A0284028E029802A202AC02B602C102CB02D502E002EB02F50300030B03160321032D03380343034F035A03660372037E038A039603A203AE03BA03C703D303E003EC03F9040604130420042D043B0448045504630471047E048C049A04A804B604C404D304E104F004FE050D051C052B053A05490558056705770586059605A605B505C505D505E505F6060606160627063706480659066A067B068C069D06AF06C006D106E306F507070719072B073D074F076107740786079907AC07BF07D207E507F8080B081F08320846085A086E0882089608AA08BE08D208E708FB09100925093A094F09640979098F09A409BA09CF09E509FB0A110A270A3D0A540A6A0A810A980AAE0AC50ADC0AF30B0B0B220B390B510B690B800B980BB00BC80BE10BF90C120C2A0C430C5C0C750C8E0CA70CC00CD90CF30D0D0D260D400D5A0D740D8E0DA90DC30DDE0DF80E130E2E0E490E640E7F0E9B0EB60ED20EEE0F090F250F410F5E0F7A0F960FB30FCF0FEC1009102610431061107E109B10B910D710F511131131114F116D118C11AA11C911E81207122612451264128412A312C312E31303132313431363138313A413C513E5140614271449146A148B14AD14CE14F01512153415561578159B15BD15E0160316261649166C168F16B216D616FA171D17411765178917AE17D217F7181B18401865188A18AF18D518FA19201945196B199119B719DD1A041A2A1A511A771A9E1AC51AEC1B141B3B1B631B8A1BB21BDA1C021C2A1C521C7B1CA31CCC1CF51D1E1D471D701D991DC31DEC1E161E401E6A1E941EBE1EE91F131F3E1F691F941FBF1FEA20152041206C209820C420F0211C2148217521A121CE21FB22272255228222AF22DD230A23382366239423C223F0241F244D247C24AB24DA250925382568259725C725F726272657268726B726E827182749277A27AB27DC280D283F287128A228D429062938296B299D29D02A022A352A682A9B2ACF2B022B362B692B9D2BD12C052C392C6E2CA22CD72D0C2D412D762DAB2DE12E162E4C2E822EB72EEE2F242F5A2F912FC72FFE3035306C30A430DB3112314A318231BA31F2322A3263329B32D4330D3346337F33B833F1342B3465349E34D83513354D358735C235FD3637367236AE36E937243760379C37D738143850388C38C839053942397F39BC39F93A363A743AB23AEF3B2D3B6B3BAA3BE83C273C653CA43CE33D223D613DA13DE03E203E603EA03EE03F213F613FA23FE24023406440A640E74129416A41AC41EE4230427242B542F7433A437D43C044034447448A44CE45124555459A45DE4622466746AB46F04735477B47C04805484B489148D7491D496349A949F04A374A7D4AC44B0C4B534B9A4BE24C2A4C724CBA4D024D4A4D934DDC4E254E6E4EB74F004F494F934FDD5027507150BB51065150519B51E65231527C52C75313535F53AA53F65442548F54DB5528557555C2560F565C56A956F75744579257E0582F587D58CB591A596959B85A075A565AA65AF55B455B955BE55C355C865CD65D275D785DC95E1A5E6C5EBD5F0F5F615FB36005605760AA60FC614F61A261F56249629C62F06343639763EB6440649464E9653D659265E7663D669266E8673D679367E9683F689668EC6943699A69F16A486A9F6AF76B4F6BA76BFF6C576CAF6D086D606DB96E126E6B6EC46F1E6F786FD1702B708670E0713A719571F0724B72A67301735D73B87414747074CC7528758575E1763E769B76F8775677B37811786E78CC792A798979E77A467AA57B047B637BC27C217C817CE17D417DA17E017E627EC27F237F847FE5804780A8810A816B81CD8230829282F4835783BA841D848084E3854785AB860E867286D7873B879F8804886988CE8933899989FE8A648ACA8B308B968BFC8C638CCA8D318D988DFF8E668ECE8F368F9E9006906E90D6913F91A89211927A92E3934D93B69420948A94F4955F95C99634969F970A977597E0984C98B89924999099FC9A689AD59B429BAF9C1C9C899CF79D649DD29E409EAE9F1D9F8B9FFAA069A0D8A147A1B6A226A296A306A376A3E6A456A4C7A538A5A9A61AA68BA6FDA76EA7E0A852A8C4A937A9A9AA1CAA8FAB02AB75ABE9AC5CACD0AD44ADB8AE2DAEA1AF16AF8BB000B075B0EAB160B1D6B24BB2C2B338B3AEB425B49CB513B58AB601B679B6F0B768B7E0B859B8D1B94AB9C2BA3BBAB5BB2EBBA7BC21BC9BBD15BD8FBE0ABE84BEFFBF7ABFF5C070C0ECC167C1E3C25FC2DBC358C3D4C451C4CEC54BC5C8C646C6C3C741C7BFC83DC8BCC93AC9B9CA38CAB7CB36CBB6CC35CCB5CD35CDB5CE36CEB6CF37CFB8D039D0BAD13CD1BED23FD2C1D344D3C6D449D4CBD54ED5D1D655D6D8D75CD7E0D864D8E8D96CD9F1DA76DAFBDB80DC05DC8ADD10DD96DE1CDEA2DF29DFAFE036E0BDE144E1CCE253E2DBE363E3EBE473E4FCE584E60DE696E71FE7A9E832E8BCE946E9D0EA5BEAE5EB70EBFBEC86ED11ED9CEE28EEB4EF40EFCCF058F0E5F172F1FFF28CF319F3A7F434F4C2F550F5DEF66DF6FBF78AF819F8A8F938F9C7FA57FAE7FB77FC07FC98FD29FDBAFE4BFEDCFF6DFFFFFFDB00430006040506050406060506070706080A100A0A09090A140E0F0C1017141818171416161A1D251F1A1B231C1616202C20232627292A29191F2D302D283025282928FFDB0043010707070A080A130A0A13281A161A2828282828282828282828282828282828282828282828282828282828282828282828282828282828282828282828282828FFC0001108033E04B003011100021101031101FFC4001C0000020301010101000000000000000000010200030405060708FFC4003F1000010401030205030302050402020007010002031121041231415105132261710681911432A1234252B1C1D1E107153362F0F1248243721634536392FFC4001B01000301010101010000000000000000000001020304050607FFC4003411000202020202010402010304010501010001021103211231044151051322613271144281B1152391A1F052C1D1E1F12433FFDA000C03010002110311003F00FCEEE79DC7279EEBCF3DCB2079EE7F281D843DD5C9FCA543B087BBB9FCA02C0643DCFE53A072640F3DCFE52A1A9043CDF27F282ED13CC3DCFE5140A61321EE7F28A1F314C87B9FCA1217311CF711C9FCAA44B9959738F53F9544362DBBFC47F2988967B9FCA00167B94006C8EA7F280A06E3DCFE502A059EE7F2983012EEE7F28112DDD1C7F280A2071EE7F28150371AFDC7F29924DCEEE7F280B26E3FE23F940EC6DC7B9FCA45586DC782522BB18079EA7F295A1A4C70C71CD9FCA5C8BE2D96B2275F27F2A1CCB58D9A6388F527F2A1CCDA38D97B213CD9FCACDCCE88E32C6B08C67F2A5C8D147F45ED6FB950E46C922D6835C9FCA96CD124367B9FCA560D02CDF27F282341CF73F9458822EF93F94AC69586EBA9415C6805FEE7F280AB06FC727F280A0190F167F29D05A0798EEE7F28A243BCF73F9400771AE4DFCA42A0871AE4A0744DC7B9FCA054335C6F93F948743827B9FCA42A4104E3D47F290C6DC7B948A44DC7B9FCA04C9B8DF250040E3EFF00940FFA0D9EE7F28040DC7B9FCA009BCF73F940C81E6F93F940AF63071EE7F2903DF6581C7A13F952C4C70E37C952058D71FF0011482870E3DCA42D0771BE4A43BB08791D4FE5201838F73F948021C6F93F94086DC7A13F9480604F729050EC71EE54B048D0C71EE7F2A18FB2E8DC7B9FCA8623431E7A13F952CAA3431C78B2A1A11A6379EE54868BDAF3DCA96845A1C4F5FE54886B23367F28D8A8604F5BF848343071EE531A1C13DCFE52026E3DCFE52150438F740C378E4A362EC967A928182CF525210413DD1630D9F740C209EE81A44B37CA43109B1C940D14BEFBA68AA4677F3565558CCB2E3A954994629BE4AD62C746196FB9FCADE2C691964BF7AF95AC59450EBEE55A63A4CAECF73F95563A0171EE7F281F42971E84A689B10BCD72530B44DE7FC47F298C01C7B9FCA02C9B8D73FCA0A0593D4A62B25FB9FCA42AB259EE7F28B041CF167F28B2A839EE7F28B0A41FB9FCA56144BABC940C1B8F72980371EE6FE502B10BCDF27F298103CF737F2981379EE7F29505937FB9FCA282C57487B9FCAA4896C42F77737F29922EE71FEE3F94C40DE7B9FCA0744DC7B9FCA63AB06E3DCFE50012E3D09FCA02804BBB9FCA03882CF571402561C9EA7F28B1D00935C9FCA681A109C725325A14937C9FCA64B42D9EE7F298A912CF21C50348537DCFE53B268041EE7F28B2788A6FB9FCA76260248EA7F2991429DDDCFE5325A2027FC47F290D21B710393F940C9B8F367F280B0171FF0011FCA65690A643DCFE5144D83CC3DCFE53A0E42979FF0011FCA744B9206E7773F9410D8448FEE7F29519BD97B2477471BF95266E165AD909EA7F29599B816364362DC79EE9A66728D1E59C69C7E5779C164BB4A8764BFCA02C978C205E817840B904140D325A286A5402E450360DC9D136D12D034C8828948B2B88A5A9D87126D28B0206E71680481B7E53B1F160AAE88268080681D132689481828DF082460C27A2561C4610928E4358DB2C6E98A9732D6265ADD37B28790D56065ADD3A973348E12D6C03B297334584B5B00ED850E668B116B6217C29722D40B5B1287235502D0C014D96A236D149597544AE8800D848AB2170EE9D00A5E02284C9BD142017A741681BB1CA283B06E4E86884FD90144BEE501544B15EE8025A54030290AC605020848698EDE384980E30A4283680B0DA541A05E53186ED2126440D321EA80E88804C87DD0260BA4C10E08482C7054B0B1DA694B10ED2931D8E0A421C14864090864806052018610087BE6948DB1D8A588BA352C2DA2F6286145EC50C74698C286C4686052D817B324280A2E62426595F28B18C12B018764589AF80F440C83F94A84C2818C12626C298FA222C089740446C44086559120D8A532AE8A9FEC5163451270693434649BE5522D18E6E296B128C52F256D119925E70B58819DE7185A21D95927242A402679543E8427DD301484C4003098E883AA4348842041E10308E3A20106D228163A203A26EFF00E04C2C9BBEE8A0B06EC2282C5DC9D0B9085EAA894C42E4E82C1BB3DC2742B64DC8A18775A5402EE34980A9889481D12905506BB2415A27FB2016C85037A27D901FD013100A0564253062DA64D89698AC069026D11000384C00EFB21098A69315214A640A7DF84C97B05D26254884E100EBD00A04028103EC9831532762A64B20408709141090763B5D495132896B5FEA1F2125A31940E016FA8FCAEEB3CAA60D984AC38B26DF9458A85DA53B151084C9E24A48754440C147B27626821A52B1A8B7A1831165AC4C60CC296CD230636C459AAC602C45870176A762E04D88B2B807CBBE061162E17D0BE538F447241C187C828E64BC7611A7FBA3987D9A1DBA6F652E652C3658DD38EC93996B122C6C03B051CCAFB5FA1DB00EC93996B122D6C3ECA1C8B58C711525C8BE0974308F1C25C86A03363F64ACA511C3000959690C0003DD2EC75436E6D254C7C4064CF08A04299094F88C50EF74E82C05D94E8190B914201281306E4C64DC950B481B93A1A087520683690C169886090041A4802084A82D0C0A421DBCE122BB2C0900DD14822209EC831D9001414D06920A41E9D903A22060282680983E81F7412839B4032C6A96038E3290CB1AA1822C1561229D0DF7488B0DDA034101210CD0A4765B59C8485FD0ED07B296C745AD6F1852D945B1B736A1B117B1AA1B0AA2E8D8A5B1A56696369458E8D0C69E54362A2E670A6C545CD48754583843D098C3DD210780800F1C261D9121F4117DD0218140507B2576043C93569810201593B25415603EC98038E52650AEE10023CA2868CEF3DD348A46498F5548A5B31CC72B68948C529AB5B44766490F2095AA416677AD10D159B54805298C52980B480220A4C898808005DE530B25F280B25FB9450EC05DEE8A06C5DE9D081BBEE9D0301253A042127A94C5402476B40C527B26225DA0744081D5871D12193E38400130A2754012CA02C212193BA03A01384C4E40B40AC84FBA744D8A5C8A15A14B93A0B06E29D09B1494C4C1D504BA60250161BB40ED80F098C010029FCA648A53218A7BA647EC96102013D50004C09F74089B6D165558435161C6C3B12B1F1A2520544DB68B0A039A825A00B0E179CA64330ECF53BE56ED9E628136774595C49E5E51C85F68063F647213C5EC531A7C8978C5F2CA762FB6C823472058AC6F2C25C8AFB4308BD92E46AB08C234B91A2C437966F84B915C03E51EC8E4570A07924F28E64F0088328E63FB6336009398D631C403D94F32963184097329406110EC8E42E0AC9E5E784B9071088E9165288E22169720E2308E92E4571A086809582887D23DD1B2945037B4228340F3318C27C42E81BC9EA8A0B017E53A1A91375A281BB20361030DA40990140C1D53025F640A804A04040C9F28103F2983D90201689681B0A43F440826FE06B2950D3083F94058728019B83952C3B2E6A92921C70A4630F748120D204C948B00D7648028187280AA60281A07F9A04C099364405A20E5026CB1A54816354B1D8EDECA5858E065210E024268668B4AC10E1AA6C28B1AD49B1D22C6850CA2D637E54B608B5A3A050D8CB1AD0A5B1A45F1852C745F1B7E54362AA34C6DC286C65EC68BFF00452D832E6B52131DA292132C011604E9C2080A43084C41A483610336800FE5300F090AC8819384C09F8403014AE8762388400AE284AC69953CA28650FF007568667907253545A662996B10314BC95B447665902D50745047E158D15B87FF002D558C5AC265240A2980A40B4C007B206852980094C3A15C53482C1BBBA282C5BEA9D085B4C44B299402501FD8370400A790980A53112D032040D041CA430DA02C962AD0160DC8A1593AA0444006D1416026FAA282C04F64E84D8A4F7E5326C526FD93100FC209B1494C2C84A07602784098A4E55124B40744B281A64B282911004A4035EC53F84D1029079412EC1498897F940AC87DD00898414B64B4058C0A0764B09012EB8A40817D9326EC078CA0562F509A21B45247A8FC95A339125D1037D92B2B88C1B69597C13239A8B070D0BB027647027968E41F6C2D87D91C8A588710FB29E45AC63887B853CCAFB74388801D12E45F1437962B80958E90A5813B150BB693B22885A69160C806501633476498ED0E02416838032425B2B402E6274C1D7B14BC5602287AA0190A7C440DE4F74505885C7E5550ADA012728A110129D0977A20252A1FF642501D02F29D02610521A6359BF640F61E890C968281698593A2001610227C2044B4000E0A01B564BCA6264ACE5210C105208484C3D1052E89681101290CB1A9301C291D9634F452C7658385234EC7482A8205F440764E10044020138C201B16ED3137A27C209B22040013B01DA14B11635AA5B18ED1ECA5B0B1C0481B2C6049816347FF000A9634300A40B0352B19635AA5B196345286C6A25A0292E8B59C2961458DC052C28B5832A58F54696059B034B02CC545ADE526845CD1F95227B2C1DD020D2626E83565098AFD910C763016102D840C22C0229001EE9899384A808802210F629384F42149EE98F629EF695808EF84015B931D953C526346794009968C73755AC47D1865C9C52D908CEF0B44CA297B6AD5A63454E5487629C268684279CAAA1D8A484C56217764E876293DD30149A4E818A5C9A402977C2AA10B68182D02220A57E8881D7C80A61AA14A622140818080B25A6164B407220280B25E121587281D90D8E50262F0530B0A00850002404509B149349898B698A804A04EC9EC4A02992BBA0740A40744DBEC9D8B8D829162A201F8458D225207413C754012B940C047082443ECA89656E26D519B16D144DD0372744A91372287CA8369515C8607F28A1A61B0951564BE88136400F5408270810A01B1F2990ECA48F53BE55D9CC9219A0F552D9A450ED6A565A498D5C61218768458504015C24550C0048120A076405204FE46B40EC04E104D8B62D3A172A0173514C4D8A5E32AA84DFA13CCCE13A1580C84F547115EC85C4F529D05903AD2A293744B4C000D94020D9486D9101E804F64CAB15326C8102EC3690E824A02BE4038E531041486B64DC8A29BA0EE4505E8177D902E44B40D30948A2262F61F9486C08021E384081D13112D016D0C0A43092819094809F081E87684807090861CA902C6D24C765A0D28655A08280E41BC242B0DA02C04A096C1D3B26164AC201EC345210437DD161410DE12B1A4CB0049B01C34A9B01C04AC2860DBB482AFB2C014B1D16347553631C01D429B1A458024090CDFBA9635A1DA915D16052C0B1A54816354B1D97C7D3A28605ECE6D43159A18EF65032F66694B117B121365838EE9121E47709D8821001032801AD008968113A203A0A1811211130B257F080B4C4713413016930014B408042632A7F2819539033349EEA932918A5F60B545519245AA048A1EB445143CD7CAB4866779CAB480ADC695A402175709D015972AA18A4A6342929D06C52530A149298009400131910011C243D0094C5604000A622561000E1022260C5299360BFCA010D78E52A2AC97CA0084A2856440138EA81902028948150084EC60ACF1481028DA0080650090435163483B6CA2C7C484206E342919410E20A4C7D010260E2F298817CA282C04A09B14FC2A427B2B7268C98846552336854C92650156101229584728293187BA43EC3D520A1C0F9487442328105A29CDF94589A29229C4FBAB31A0821204E884A06D9372281483B9143E561DD9E70950F91378EE8A1360DE3DD142E4032A7C44E4D03CD28E21CB40F30F74F889481B8F74505B0077DD3A00594509B014C44B40241BC24506FF00081A0829149FA21CF081D0C0708001403D76039E101CBE054C020A009748A0012800F6401094074025026EC37DD01B0840DE89690C880FD0505504149A1D93DCA02C9EF49880503A2520021201AD21813130848438E120B438F6487630C5A42BBD8ED5232D68F652C02520180369086031DD03A250281B20081506921D04040D076FF2958D4466B526C743B452962A1C243A18241FA180FCA5621C612632C68CA963638E1204303948060A40615C12120458D7744A863B4E30A58596B4952C2CBA32543034314311A19F750C0BE35205ECE31CA802D1C520963648408355EC813084300A0603F1F099344B450364FCA0060802040139F64760C529802908120520004D2563452F36A931D99DC9946790D2A451926C92B443462956A8666795AA40BF6677B9689146779241CAD1206546D500A6CF298240ABE7081D1287BA65214A60C423DE931031794C6A80E1EC8103280B02604EC80D90E5000280B25DA008484058091498AC5253A159597155446C0500440FD04140263029161B4013278480603090C24040512BD903A2575458502903A257B22C544415444C084A109B10D744C42DA6483EE8010A64BD81327A083EC8100DA09A016DA760D583622C9E242C4EC3ED88599E1162E3E85213B269A08168B04820256011C20630E7080E4119F8486866825C3E5206ACC8F2038FCAD68E3E481BF9450D48532653E24F226F28A0E564DE9D0F9FC1372542E44DDD5141CAC9B93A0B05A2815B0DF0916A83840361B40FFB05A040B4C5699101411C2434E83F090EFE0881A7411EE81A0E3A2430938EC8A1A62138FF0074E8560BE53A15901CE51408280014032204C810525A09406C168A187E121F4B44B28158728025A0A4324510201AA0DFE520D0503D500A6220FE120B1AAD2113EC80BA0808158435160D8C07652D816018E121D8C1BD1202C68ACA9631C0521438090D2180AE5200ED45856C21A959541ACA2C744AEC90E8281B220410900E1200DFDD0243B4FC2960D0E384843B54B1EFD8C0E32903181EC8A10C0D2540FB1814810EDE95CA965F63B5213FD163739BB52C0B18A581A23CACD8E8D11DDE7A2CD8D1A99C286268B9B57F0A58A99737090BA2D6A42AB182028280A09FE50227098032811022C541148D82D84243A41A4EC443D78B4763014C40AFC22C68852195393048A9D828A1FF0065120F6548A33BF0A92032CA0AD10D230CA395B2199641656880A1EDCDAD132D229736CF7569949085A7A2763E2296F74EC05013150A531F429384C4D959E551364C5206034980A4A005BC2634C963AA280169D081BBBF28A00129D0804F6450582D30B0172005B4C94EC19B4C64C940B88D5690507F290D045A074301490E8603F290C38E89144EA8027540C8784C0527D9326C168A1D8094C4D837228562F298AC52825929315836A2C4FA0808B0A0ED4AC748845206C0414C97A27440AC958F645942D0A4EC96842309D99C912B05020869458241DB69595C4219DD160A2306FE12B1A88ED6E47C84ACBA390E2771F95D7478F62EE450EC96815901081877228600422841DC8A1D86EFA2417611682D052186FDD0161BEC81DD810004C4E821204C6090D3220764BEC80BA2028186D22AC84A05A14F2A8560081A082020A20384083C9483A2203FB0F08190D10800040932200962F08A1A08280B0A452FD047E522C281040C774AC341010161A481FE823E1024FE4202076306D2563A1837AA5624821A958DA1C36CA560386A563A18352B048702D4D8E8B1A12B2921AB2A4289D502A0840FA1A92183AA0364281807B26227D90011EC9316C61CA43AB1C2403B7F8498A8701489D8CD09318C3B242EC6A48754301C242638486A871CA9632C1FC2902C18E548E8B583852C117B01EAA18CD0CE566C6E8D0DF659B1345CD394A892C69CE102B2C69480B01498AC6B406C2816C1B901A2744C4408A176326308090052B112D31D0A50140EA131D10940151C9CA00422D31A2A78FC268666902A4C6659485686918E5F65AC4AA33BDB85A263333C2D1329141ABB563BA11C5521D8873CAA1A56213580989A2B71EA4AA44B2B2E14AA8562972742B06E45094AC04A743B10BB94E81A1494C16BB05A064BC260C1794089928025206294C4028182B3EE992100A434AC70D4ACAA0D50B03281D10A044E10041EE424C2870122921BAA4305A02C04A602926E9326C050227D930E8805A2C3B055FCA044A40E8958F74081481341ACA2C61A458C3584AC0053108464D0412D80821324080257B263A206A2C9A19ACF649B1A88DB52B2B8876FC22CAE21DA12B049129163A0816E1F2116268E038FA8FCAEF3C34C165017F04EA905593FCD31910261090D21824550D7D521A25FE501C8239401100D86FBE105593AA0404055B08CA45506D001B281A4C84A01107F082AC96902D90E131F429F6408898D308CA457611EE81AA0A43AA22054888248500D9101642104B05209B6100A2CA56300914580292EC21BDD163FD8E1AA6C640DCA2C5C46DA9586D84040C603BDA5652410DCA5614386E12B1D0C0754861A40E8603293157C0DEEA42C701228601200840C2908202560906903A21080AA14A600A405128DA041E98B400C024C3658C0A58160002560380A4071CA40F430090248603EE90100C24277EC7012631C6520A2C6A91D1636AD4B0ECB1A70A58517B0F659B45597B14311A1854307FB2D69B41258D481D96378CA96496A4141E7AA0084E53B1325A3B0AB0F6431D0C102AA274407F43028009485429298C04E709802FE1048A4E13486564E5035B0124A0A2B7F3CE13032C8411DD5219925E15A1992523B2D5228CB23968905A33C8E0B5486677BB2695A43B2A2F5743B2B73BF2A9204CACB93482EC425512238A6142DA7448329800940D0AE4D07F44B4C088285ED840BB1DADBF849B1D0DB6D2B1D00B708B1D0842AB268042028806500101052180AF84861281D00A0906101A083D5031814982D1394001001A4089B516141A487A2119458BB14829D888027601AEE90F40AE531008408801400C3DE92186920148F84EC052D5564D0BB7D9160D02AD304880207C47007090D24300A6C741DA8B1D0404AC289D5022120228342836E0A89767048167E4AEF3C4A40482E89CA01BB0F440FD12904D052185030DA41641CA011100440C210550521AD86BD905712520289480444149506901C481034BE49D10240281D8102B252634883940D318524341090587E100E9928F4484400A2C12F63522C744DBD12B1340D87E53B150E1AA6C74386FB2565D0E1A958C60D4ACAAB086A56148802009D102180EC90C6090D04728287090D30D256156301EC90E83469161430090860149490E38481B271C20544FC6503B1D211121D06B281908400293005202902BB209A19A863A2C657652C4A91680A0A1870907438F7489F6385250C2BAA04D07A77482860900CDFE52615B1C240C76A9632D6E14B0B2C6952D05FC97B0DA8682CD0C380A1A159734E32A588B5AA42CB5BFC25B174583BA4218207B21F74C540B48741E531741B4A82EC6BCA006080AF64B4C0168108E2980B69808E394500A4E10098A5C828A5CE1F74C0CD23B95A2408CB2BBB2B4330CCEE56B143B66391D9CADD215D999EE5A243B2A26CAA1D95B8AA487656E715540D885D955402F4CD207604C0081869014290500C041542A1484C4D100486AC76372936525F259B40E3852551100238D2681884E7A2A10A784C4408008414986F19483B013EE983600826C22D0319A2D2B01A92190D55A02C17CA056C20938400C004861A486023B20404C960C940AC194C64AF64AC09B4A762A086A5614301D922921B6A0AA052054291DF29D8500840AA85A4EC05A4EC4350BE7281D218245112001E89898B699160BCF54C02DFDC3E500D9C27727E5769E2264C203B2040D07E1200FDD0081C20097840B64C2074836802243204C630B48AA187BA45A0D8F940DB64BCA02C1748025840EC3BB0950DB25A64D8101610804C85036437D100D82B280FE86031C243B6168498D0E18958EAC60D4AC283B692B1D504040A8359A400682563086A2C5C43491490C3A7291541080561487D132130ABEC890BA084148206520DFC0C1035FB1C72A4B4861CA40358ACA404BCA018C0A421800915635524164AB28B10C2F0905845FDD201ACFE500402D22BD06AD004DA8B0A216E3B202852DC276268668CE5202C6F452C34304810ED090E8768E12151600A406012B1840AE89316BD868A44B90ED69481490E187DD00DA19AC270950B922E6C679BC290E68B1AC23949A6C4E65B1B6CD5A97162E46A6300033F650E21CCB06DFF00125C05CCB9819D5CA5C681C8B9BB3AB94F10E4583CBFF125C4391636361029C8A0E64F2DBC0704B8872407C41A2F70FCAA5160A498B134BDDB5BC945361746B3E1DA80DDDB0D2AFB4E89591594186469A734A8716B45A92ED07CB7EDB2C28E2C3908EC72A686293DD03A149CF74C4C471FC2690A9884DA62423AD0B63ECADE7E53A02A79A0A921AAF46790E0AA451965772B4480C331BF82B68818DE16A82E8A5C30AD0E932972B4056EA5480A9C7E55A10872532B60081A0F28283490C22B8401101623934262F3C264D8CD1DE9265AB2C6F0914426B080B11CE349A15953892A92103FC93007180802574409DFA220698477080B0D206440AC64864CA42B1BA7B2064230810BD6931261090EC7070A4761C8CA02C9F0800ED40B610C4AC69587650458F89368458E85DBD5317126DB40D2086A563486F948A4895D0A2C40AA29D82429194C05210268AC8F65488610319A40C66A434420A2C053C2684D15B8AA218B6993C86613B87CA434ECE11BDC7E4AEE3C5082902611EC801BA2451100021026401001A40E8958405010011482860522BD12F840582D02B25D203932172283912F280E411EC81D8C2D21A7A0808B00D5A563180C70936341A4ACA06D002762EB6306A5656C66B73949B12DF638091643C24364E78413D84041490DD5219057540558501D11030824A43B180486A8640108C24040100AC3C725055041482C20FE10035A430DF745012C929058C1031C290182416105210DC6520EC21003B424C686039487A180486835EC91544F94C05281360CF44C96D0C06521721C0B522734860827EE219A32913F787163EE8E22FBAC7690425C44F2BF431343097144FDC6C2D727C5029363823BA5C45C8B19F22E92A0B18B88434176335FDD0D05D0FBEB82A5C46987793472950DD8ED77BA281318C86B052A04C01EEE6D3A421DAE71377FCA5483A23A47600251C50D3F610F93FC4692A43B2C64AF1C38A5C50AC6F3A419DE54F088C87552D7EE2535042FE8B61D6CD1B816DE3AA4E087FD9D387EA1D535BB5DB4852E335D488FB71ECB5BE34E71B7B33F2971931F07E99649E360B2BCBFE023F2F842E0FBB304BAC0F3697034568316AA238724E143B658E7C46A8A8E21C98298721C9F142E75D8840E851C03915BC504711A6504928A65A2A78B1CAA5A19438613B0A32CBEEAD0CC720BCAD908CF20C156812287F0B443ECA1E15A02A72B42452E5686214C6B62A6325D22841DC9515A0EE45072039D8E50909B172532460DE12B18E00ACA4CB4370915656E752A4856544E70A9226C5CA604ACA06304000F08101300F290EC9F280B1804861A482C9940587D902074A40AEC95945821C37E12B1A1DADC24D9543525655100B458A82000915C4768F6CA4D8EA834958C85BDD16348522934C5429098A888022061AA40340EE8015D7784C40A4C281B502A000100D0C05202A8049CA07B11C13259596AAB21A15C02689646FEE1F2982382E3EA3F25771E1590200B1A07552CD10E0291D11030261D11020A41D8B699360298EC880B08E3948698520BB25261D92901B086D21B12FD84352B2A860D4ACA498F49595D06B194AC7D8404875F0380914BF64EA80257BA0283490C21030F5CA0289D50551061204921C243A4140C88100940D20A074109006D20B1B72069D92D02B1B948A09E10200F9414860120187090D069004E5201804021C7552030280411EE930A2D01400D5D922B43048630A4815226E08A25CD201780394F892F3240DE293E2C879FE005DD827447DD6169BE89510E6DFB2C1F28A27930828A0E431166D1A15B0F1F290F4383848541E02743616DD24C10DC2003B903B198EC8A4A82FD965E4654B40C04D7642B1A4303C21A12D0DBC8A424C76112611C6C2C76C9C57F2A788E86320A4710B2097DD2E2087F31BCA5C58C71336F1947160882417847065363092D2A16C25CDAC52285D0F1BC7F715343B1DDB5DC147F61744B2D15686868B686CE54FE82CAEF26CFE50D0325B13D813739C68701140334BC75293482C7DEF1C1384A900A267E6D3AA1D0CD70ACE52109236C5829A8A63B68A1E0DDDA7C10D4D94C91B8A144AE68C92B1C3A2A498D34CCB20EE15A199DC324AD131A2992A95A1A33BCF3DD6885FD943CAB422B2555058A980501D81C50801784C080DA4165A3D948EC703B24521B6A5650AE408A9D9568188026244384C760F9407F6040BA0A003C040EC9CA4161AE881908280D8C3F9480202061ABE120AB086DA563A183422C74300902435612B2D52256794053081690E82061201BA243B1AC5D00818A4A03A14AA10A989112044098139E52190FBA62058403A16FEE98AC9F280014C098179400A4E3D9021494E85629A3EEA912294C428C387CA6434CE0104B8FCAEF3C0A630F748B2C01416860915BF64B4C18A4FB2056440013159100880203B0D2563A180481218041436D4AC388692B2B8E89480AB08487B0840D109414F61B485D04206958C122C7A0394829106521AA21E500D82CA6164FBA03B20F940743018FF648A4904140C379E521B60053008F74810C06521B2577408850276416829163424356C70076525506902A056708B018352B1D0E1B84AC610D4AC6103FFB45850C4678482881A8B150C1B94AC7458D6E14B63A21958DC1704716C529A421D40CD029F0329665E80667BB84D41193CCDF406971C93CA74910E727ECB003C926FB244DBF6403A9E1302C1C614D30B080784058D447C2416386DD5A5B06C7EA801834F44864DA6CA742B19AD39C21C4699688DC6A823809CBE47F25E781413FB6273482217147DB1295B1DBA571EEABEDB0FB858DD1B80E0AAFB62E630D3BBA843C61CC3FA471E850B1D0731DBA277628FB4C5F706FD1B864829FDA0FBA0FD25F211F683EE1069CDD514BED8FEE209D33AB0094FED0D6414C05B823297DA17DDB64FD3922D2FB40F2D8AE84B79E52FB457DC4463094BED87DC57A19D0BB9052FB43FB82383C1C949E2A29644C03758AB49E31A9966E7B47B297887CD0A2578AB0A7ED0F9A43B750E028A9FB45276309F7952F1B0B183DA0F293831D8DE70BC153C1A02D1382D471617F20DE6F0527102D1C59521FA19FB76E39485BF620C8E550D95B9B6EA0A90166D18B212194C8C05C9A62A2B7E9992055CA8766397420DD5854A43E6CC5368DCDF75A26573314DA691BCB4AD13052B3148D7026C15AA60504FB6558593281D93282980F29881D502BF9198930A458DE14B28B182D4B2931C91948BA11C3098995BC7D95227B1150AE852806C5298885307208CD24161A487EC7012B2D0C1A958E83B7D9163A252401A40E822D00F41A4874301DD03482070A474126901440818C0612150404141C0E52005E103B05A620128062922B098817F8F74C560BA4E80968A192D142B14F3CA6029281364B4C2C168A0B44BE8817F402813603EE992D8A5342014C6403D431D504D1E7CFEE3F2BBCF06282122AE8709072A08295149909403179CA62EC603090D20ED458E821A3AA563A183516351412120214012FF080B1AD22D0521F61081F44CD2049586921D00A614C8500334256525F2581AA6CA48648A614090A4A0560EB9298208E3D9057A0A4144A40D20D20610121D2F6300958208082820241561A1C140744A40A821B9E11608B0354D963016A6C64DB945850CD6F749B01DA121D06BF28B1A4FA1804ACA4A860DEE95850683464D04BB0D1449A98986AECF60B458DB31966847D951D539C3D2DA55F6D7B3097937FC44FEAC86DEE3F015525D193C92976C7110097222ACB1ADA16A581686FBA41CBE43FDDC243A45CDB2384A87C82198BE52BA019ACB3C61377E80B9B1171141256FB0B45A34CE3C04F889B2D6E95DC108485745CCD09E4AAE02722F8F424BB0DBB4D41B627248DA3C25C0FAD95ED4AFED35E897917C9AA0F00D54D98B4D239BDC05A2F1E6FD19BF2611ED9BBFF00E99D6B1AD2E81CDDDC5856FC692D99FF00951F93B3E1BF40F88EB1CCD8C0D0EE495AC7C36FB6633F312E91D59FFE996A61A0F7004F4EEB67E1C57B328F9CDF68B747FF004F1AC8DAED43F24A178D08F62979327D1AE5FA0F471B5A4EA058E6CA1E2C4990BC99FB38FAEFA7FC3B406E69413D32A25F6A05C72CE4617E8F42D63DE1ECA02C01D567CA068A73BD9974FF00A3DDFD473013C8EC9294576549C9946AA4D134800B4807F844A70E823C8ADD3E88B496802826A51457E673F53ADD3D6D6B2B2A1CFF0045A8BF91F4DA9831BEA92E48ADFA32F8A6A585D70D1207549C93E871B5D9820D61069E012B3BAECBE2EB46C13C2D02EACABB4BD09392135124182C22CF649CA2256D8D1C91B9A68F4495329DA334AEB758033C2290D3686AB8FDD1C1340E62BDD8B725C10D64F42EF045052E28BE5FB0089C458184BEDBED0DE4162C1E32A1C07C82F702EE52701A93B2B2EA2A1E334E761DC49C25C2C6E55A459BA46E470A5E241CC766A5E067859BC25298DFA8BE543C5455DFB0B66CF293832ABE4B04D8F7EE971A10DE65D612A064FDC3B2009BB68AEC8EC28439EA5032B7B45D1E13E82BD8A5AD7608C269B06659B4AC78A2CBFB2D2337EC54ECC72F85C6F04B70568B28267367F0E9597B4585B2C88A524637C6F6587348569A65DD884AA0BB02002D3480183800A68A458D7A4D0EC769523E4125141765472A857A148EE98008CA2C40DB94EC283B7BA563AB086A2CAA08012B1F14374C5A0A0D76486C23940500A002061009047281D0C05A9286012B18404803FC20103DD00C975C52624107BA54512C728A10A5C9A4314B8A6912D8A49F74C4DD92FDD03BD0094C560278405A05FBA625FA2580901094E87D084A64592D143B06E4E85640E29502630C840EC84204C423AA6201F64C4067EE1F28136705DFB8FC95DE78161031C24550E015365241DA8B1D0435163510809594A211D1200940321081A403F74089C9C2604CD64A0AFEC205241430F8498D20A45244EA81B08BB4020848028020FE1016580801496A820F640D36804DA04D92EEAD0044082061035F0300522FA0D7090C9568B18C1A9582180CA431884864AEE9850020282065201C02958F6386A4D8D219ADC24D8D0C91541A482860D4AC7FA0A02884803B202E9953F531B3936552836673CF08F6CA0EB5EFC46DA1DCAD1624BB309794DFF14253DE2DE493EE9E97473CA72976C8C8C58AE53B20BD8D00E6D4365248B48B2A45A1D8DEE9328B1B11A24F09588B19159E13065CDD3127212A159A22D1136514C2EBA34374740D8C2742722E8B480B47A7F84E989C8D70E81D561855AC6D90E691D783E9DD6C9109042434E56CBC6955B327E4451ABC33E9E9355216715429563C2A4C8C9E471567A9D17D0B0FEAA38F55301B8804714574C70628BFC8E69F973AD23D0EABE97F04F0E606C6F699BB93D539CF0C5F18982C9924ECEBE874BF4DF824024F107C4F9DEDF4DFABE694CBCDC387F18FE4FF0044F1CB97A1BC5BEAEFA7A0D3B59A4F2DC7934DAFCAC9FD45CF4A34547C69A76CF1BE23F5D682691D231AD03803B2CFFCB93ED1D0BC797B665D2FFD529741234B2363DA3A12A5E6CFE98DF8B192D94F8AFF00D57D4EA9D6D6359EC0A8E799EE4ED8E3E24168E07887FD44D7BE101B2641B02D2A9BF66AB0417A38FADFAEF553C7EA95C1DC1A726E37D8E38947491C0D47D533CEE0C92573BA5929A8D1A2825B48ACF8DC8D8FF7920FBA690F4CA19E2EE7BB2EACF74714155D126F1506507727D8D2D064F14B6FA0FF003D502296F8B9161E2CA5BF40D05DE2DD421A616673E30E24E52A6697403E2040DC1D9E814B8365A921D9E27BC7A8AA51666E86FF00B8760A5C5D951A17FEE8E69A068151C25669CA25CEF15A6FBF755C2443699733C5AD841349D4919BAB00D7992DB62BE50B9366B51AB13F5C0102EAB28AF42D1A62F142E6861750FF0024D5A2293299F54E342337EE9765AD121D4BFF006B883DCA2921F2F82D3AB6D80EFC84342E45ACD4B59953C4765DFAB05B7CA9E23522E64D1984D817D0A2BD06FD199D30BABC2868D568663C117BBF9438A1F26581DC6D2A1C131A9FA2EF34379A512C6529963660567C0BB41DC0F550D50D31BAA4215E03B839402168018098FB025B0B1783D2930B2B731AECAA4C6CCF369D920C8042B53685460D4787466F67A56D1C82D9CE9B412462DBEA1ECB459132B97C994B5CD34E0B4B1A20282AC70A5954580A91D11D7480560010141AB401287440E932108281480257BA0A41A081D050340BA40592CA07D90734504AA081D8140D219A3BD24D9545807653631AB2A4005318091498582EF0815809B4C004E501760DC9D0AC05D6514004006BBA0103A7194C2C5BCE504E807E53158094E85742EF4507226E1DD141760E7B261611DD2106903D0382818C08EA815849090CAC95484C54C43347A863AA42A388464D775DAD9E1A5A0819CA4348205A0741414906922A8881744081A41C7640E817D901740E7BA04C80203A0F640C2101AB18243A489C24305A62B2202C617490D6C6CE12020A40E8701495411681A091DC207440DA48286A40E820240823E10308091498C1B9E12B0A1C352B2D2F8091EC8068890512B0980290219A12634AC600243487157852CAD0C0A05635A4558C0245215F235BC91F09A4D9129C63D991FACB716C6DB3DCAD562F6CE69795EA253279B29F53B1D95AE31E8E69E49CB4D8CC8C34E45A1C8CD22F6C6062B2A2CA487F2CDA56319B1FB5A2C28B0464B80A37D12BA177D97C5A524F07D92B1E91B61D19AF74315A46A668EC511C2490391A23D235B58C94FF00A1365F1E90976EAF4F40A94593CCD906864731A76E1C71EEAD6364BC86F8FC309ADDB5A3176AB825DB32796F474E3D36834B0B9F248D27A0B55F731C57EC86E72D21D9E33E1DA7870C6922A89E6D3FF2296912F0C9BD966AFEB78A2D118E16025DC9ECA259F24952147C7DDB67993F583F4C5CF81C03C9BBF75936EBF166CB127D944DF5C6B26944A352F0F06EED2FB76ED95F6A29551CAD67D59AB9652F333F3D6D3FB49F686A292311FA9758F793E6B8922B2552C497437D1549E35216D6F367AABE2C0E7CFE20E009DC6CF394F8585948F127ECCB8DFB94F850AC41E28FE0929B893690BFAE738F251C4768497555F29A43B3299ACEE6AAA0B09D49D95651C49E4209C838250E2813686F3FD42C1A450F9596FEA29B69710DA13F5166CA2A85D87CE2E18E11434842E3768A187CF701594A86AD0639497709F44B2F12640E127425634940E08294686EFD15996F92AE913B5D804F479C25A1AD85D3630E2A5D32B648E5AC9252A486E4D96B65177B90E84AC3E7B9AE34E349F14C5C9A19BA870E50E0353B2C6EA8DE4A5C58DC8275649F652D3344D1645AC70157852D343B5647EB9E0D0763E52A282356E0D06D26ACA4DA3741AB1E5824829EA88B2C1AA24583D543896A87FD46E6DEEA2A1AF92BA2E8F5408ABB4B8817893D20EEC7529380D492E8764F790EC2CDE345F2F92C138C2878CBE4996B246F4FC2CF8D0D0C4EE1D11B1A1436D2F616216649A5416238019421B2BAB346D55D0915BD9D8A698519A6D235F76D1C2A536828C527878A258688E856AB215175D991FA7923FEDFC2B524CD148AF3D932FF006373CA43A0A001EC818705020B52614435C20A01E530275BE88001E70103020744EA8008E7A2010E02450C3BA431AD4803727416297F394E8560DC9D00377728A1722172282C52EBEA9D058B77D53A25B08280B0F3D522AC614520D1091F08168ACFCAA2457584D0B656E27A9544B60B1698B9101405847B948698E3848A4C3948744DA8B00D22C34434801484C446B7F086C691631B91F2A6CAA3CF9C977CAEF3C1AD107CA06906E921FE83681B203840EC22D015F230684AC761A480984085C12989BB0A015009B40360CDE100336FAA0682121D840290D0CD6FB24D8E86DBDD2B1D10351634866B692B1D0FB52B1D0DB52B2EA83481908FCA0544E881D7C87EE903255F080D9635A93634ACB1A14B654520D24580A626D0102F41E88193E50268812614324141081EC61DD2195C9AA8E3C5D9EC152C6D913CB0877D9965D54AFC30ED1EDCAD638E2BB3927E4CA5D6858DB67D579E55330EFB2E63689007DD43650D59EFF090921DAC2784ACA48BA2889CA4DA11A99A625D6A6C6CD70E85CEC74F8458ACD91E869D6718EC8B159AE0D335B58430B2EF2DA31568A26CB9908AE40EAAD244F266A12699B1C7196FF52CEE75A1E44B544B8C9B2A9F5B146E02322829726DDA051A334BE385ADFE99C83849B932BEDA30788FD45296D6FF0057709D360A09766097C57745EA75B8FBDAB50540DDB39D26B5E5DB8B8D2A50482DAD14EA35AF737F79CA75616613A879EAAD4512E5F0299C8E0A7C43900CAE70E31DD57125B1373EAC708A43B6348FDB1B36BADC4650E84ACAB79755E4A5D0F88248DC0B4F74DB1A4878E2E2D2E41C085993B728B0E34C4DC2E9C292D9692AD0ED0C68F514AD91447471B8020A149FB2A514D68151B5B653B628C530B802C05ADC2393E8BFB4BB11E6DBC22D92E22B38A2309B0D168036FA70A2CAE256E791D55256000EDDC84E8400F735DE94558F41748E7728514274C9BF1C94515485CDF2993480F710109028A143DDC27468D22D888DDEA52FF4424479CFA4E125FB1388EDDE4800F28B2785964BBA3C1CFBA13B13C6D684F3309F64A8B458D9455148A76331E0BA9C708E24B95064ABF49B49C4A8E460DC6BD9451AF34164C41AB4388F91A593B836AD435452A63F9F6DA25229059A92CE1C728A1FF66DD3EB088CD9B4AB6496C1AC631AE2E3949A1AB2C66B43F2D385145745F0EA49BBE54F02F951B629BFA57B94704C6E633751D2D43814A45F1BDAF3D166D34506460AAC249FC9554545847C2764A11C07F7268B148A6FA4F081153A30E17DF909D88A8465AE209C15561A32EA348D24E2BE168A4529B460974B2372DC85A29AF668A766775839B0551A26408043B6EF8498FB1FAE121D3214001057442420402693011CE09A43E40DC9D058C08EE90721DA42963BB1B77BA543B429704E85657BCD2AA26C05C9D0881D9450590B92A0B26EEE9D0582F1DCA2844B450305E5301C12A4AD8C3E5202121016C0816C57054988AC8CE0264D0945512C21A958D218040D1600A596860149496C6DA8B0682595D12B1508E149834001317433475486876FEE1F290DF479C37B8FC95E89E1D03940993080411CA4308280E82121A61B40E888110D5203481C9E5310424327540D8436D163E2306FB296C690FB692B1D21836FE52B290E1B6958E884200807B2068703D949483490EC38B40FB09F840C14810404002852063379486580F14917D0C1D614D0AC363EE82AC05321B4440276040FA275C7081B0824244A642706D03B299352D6FED3B8F60AD636CC27E4463D6CCCF9659B174DEC16AA3189CB3CD3985910AC9F9A43919B565CD8F18C1ECA6C69516888800852D97459B49C01C2424BDB2F8E13BB82A5BA19B61D192E163054B626CE847A26B40DE12B05F06C8606B6C101162F668DAC686F04D23B0A0BDCDC5D27A42B7E8413C41F934384B9A43E3A2A3AD8EC8611F29A9592D51924F120E781BF8EC8A6C6D51CFD6F8939A0ED393D5350D82673DBE28F0082EBE8B4E2274553EB370B69F94D40499867D417AD1444D95B6620155C457603A826C2388AEC432388A1748A482AC525D79298A820E692B29458EE99FE508C61A0DA2AFB054989BCEC19456CBD137D8A28A13A2BE1DF2A84D97F99E9AE4A8A1515879BC94E8A438976DA5C4B4852770BE1333F603C66CA0280CF74D8D92418B08409D104EF2CDA7E11C15D9B292AD8049D0A28CED3087F64511440E70EB84522D3641EE912D8E29200BCB6B148561FB2B349A1D906130A63DB1A322D21742385A68A48468A4C361268F081A09704A81B1C9358290D3AD8097387A8928492E81CAC80218A804E53268249BC1484E1BD103DC394503C658D96DB949A252D8A1E3765143AA2C12D29712B950C2523AA5C4B52638941EB94B894E65CD9001ECA682EC8F7827D252A2932D89FD410120BA2F66A0B473949C5076CB0788122884B89499AB4BA82F7B458CE147129B7E8D8CD535AF201A23951281699A63D55E4590A3EDD87DC34C73B08C8CF6593C6D16A49A1DC04990A52F91A97A2AF2EB2A80AC8BABC5A3A014B46FBBC84EF43AF92B7FEE161343BF912460BB66534C768C7A8D335C4EE6FDC72B48C849BF462934AE665B90B453358CD7B2AAA3D4266B7F012E4876297A74160DC9D0AC1BA914162972690362176794E89E40DC014E82C3BD2A0E410FAEA8A0E44F3114164DF8450582FDD31D852025A0098EE800A00948B0A0D5A40402900125143B08290C232900D481762918E100211ECA9085384C5D809EE8A104218D16354B296CB5A02965243FDD494440D95BB92A910D89D532422EF081D85A723BDA00F3AF77A8D775E851E1B6C164F29D0AEC206521D06921F44B40824A076104D207B22404009405040B4585040459490C029635BEC7012290F490DE8838E120B4335050C90E895ED845896C207B2432C02B9525A40298325A02F40B4121E505078090C810011EC0207686BEE9029041CA0761BBE3A242EC281A25243EC07D9300E00486512EA5ACC37D4568B1B7D9CF3F2231D22874B249827956A291C93CB29F6031E402134C96996B18035D8F5700F649B0A2E647815D143915D16318EB0958CD50E9DCEE01F952DA1F46E8342F2413C24C566F8748C666815164D1A8358CE394AF74524C60F665D9A4FA425B2A74E072784AE8742CBA8A18211B0A46197C41A1C6CE4212039BA9F1171B6B2859BB5AA85A25D2313B58F71A048B56A089B279C40A1FBBA95542727E8A247EF06CD9EEA9225374660E02C721550A5B1647B8815C27425AD1586971CDA765D7C85CFA01B5F7492F652A1B60B19E88B26AC5CD937840D6883232817640EAC04340316E05728B0AA14824800262B1B67F8B09741A674069F46DD1412F9A1D23AF7B4118EC3BA6E4A957628C6DBB46290B4C8760007B294FE4AD2E856B18459E55213B2C107F4F70E2D0C15890C4249DAC73A9B7CA972A46B1859AB59141092237870E8475529D838981C40E16864D1646F6EC37CF74BA2A8ACB497F140A77A0A36BF4B13210E73ADCE1D0F08E4A89AD986A90306E3549955416871390930EC6734802D2B0AF9109EC98301394C692639702C0956C722B2709929D92F0806DA181402912FD920B25DA07A6440C771292402FDD307B1B6FA6ED2B25A14F184C69901B417CEF440290C815FCA685EC82F94038FC0E1DDD2A1D68607A2542D8E24A14A5A04F7A19B25F549A1A95176EC034A68BE483B8F42950EEC20D2069A2ED33CF99834A5A2AEB65C7525AE734D5153C47CACDB06BC08846E6FABFC4A1A6869ABD9A22D4917791EEA7894D7C1BB4FABC52CDC413F93545A90E7516E472B39C299A45E8BDE18ECB7AACEA8AB3318C837565343BA2B2C26F19EDD93BA1F610CF4928B153299400082729A63FD08E84868B0AB9057C996681AE2416F1D42B52A2A2DC7A30EA34CF8B2D05C16B19596B22F6642E375C2D28A722B2FF74E89E402E4E85C982EFAA077F243F7403220429BB4C2C1B914163038C611434C364A416C668CF0914AC70914103B2001642002907614012D14164BEE8005A02C80D2282C70E4A87610E4A87C884DF5409B0109884239548542106D3150C1A52B1D0ED34A58CB03F0950EE89BF29515C89BB08A0BB14E53155840405000280180163E5033CEB9A4B8FCAF42CF052610DCDA56524351486825A8076296F64EC5C7440DB458E98E1B4A6CAE210D45850401D9163A0809055100401101B187BA4558E3F0A47D876E101433424CA5A1855A4521B8F8480881F5B213DD1417426EF7C2742BB61BBE1142B259EE8008C24558C81E8969005001E881D0C08090C375C5A064069140B442E1DD2A1E8AA5D43198E4D70AE306CC7279118696D999F23E5C934DEC168A2A271CF2CA7B6E80C8C9BF64DB2122FD9E904F434A6C6D0E05BB1DB00290A2D8E22460606126CA4ACD90E99DD3AA86C746D83445C4122BE54D899D3874E1838E54B9204ECBDC5B0804F2429E56C69311D300D07A262D99669C16EEBC84497C0E37D32A9B5DFD201A46D26CFCAAE2D83EF472E6F126DD07123BAA5062BF90BB59B9961D4AB88ACC12BFCC3439E6D5254272BE8CD335D5BECEDBC2D1129D8924AD1405A126C4CA9F3BBA61528824287B9DFDDCA7490550050241B4C38D8D922AF8486902CB7DD1A620B246F2E19E88698D0A6DE6EC84FA15D08EC0E531DBF646B8F1584516E90C4E0572919B0B24A3EA435F05A184B9C254C86A8B039AECB823A153623CB4E682005C9163098CB301833951BB34E0AACA8CAE0283B0AE93216995979E55516E540B24E493F28052E4339C95132D103E91424D7B0BA4738D212A1B75D00EFAA24D23455B0838CA466C845514C63326DA458BA52E3638CABB1E598486C8A49468A7252765448E8A896EC068A6098BC7C205764E500F44B4C6404DA01686BCDA43D04E4A03D84B285A56305D14C5761B090206EED748A0D7A0936819050E7EC81507AA06BA0FCF3D1226C43F0A87689450086A239487740E5045320241B406CBC49E9AE145069F40F30D238949D0ED92CA4E2559747260823EEA5A0E481BAF82951565EC945511F7534517B2627D59C2543EBB1A0D516B8D0CF7532894A474A1D6C5E5B4DBBCDFEE078FB2C9C3E4BE4FA46C8B5590694380D3A3645A90E1EA2165285149D9606B5DD7F0A2EBB290AE6D0BBBB1D93B4CAB33BC11902CAA54160DD6320DA281D15B595B89E1362A2B923378B29A63B5ED18B57A364A78DAFEEB5864682B7A393A9D3C909F50B1DC2E98C9315B450D3954D0FF00658029340EDF74AC0041EC53006DF745855836D276148955C22C7D0ED18E12008B4869845F6281DA0E6F8482D22207764403B0DE1202139E130B149CA681D83281047281FB18296035E12182FDD310F612188530004C4103BA4D8EC27090C17DD3A11073CA0061FC24348668499690D8E6D21909098B48008B1F2825BB38CF6E4FCAECB3C8E22D276205140992B08B1A541A401121D0F58C24314A6276103E52B0F4357B25634835481D00A0406A6C43F6523E837941683B91409B26E4A87683BBB2282C25E848776565D69D12D9065016D0C100B43048A4EC230520410EEC8A2BA0EE4A864DDEE8A1A2028686A8604A43A2127AA02C47C81BC954A3667932463D94C92B9D600DA15A8D1C93CD29AAF4231A3AF2536CC4B5ADA71BE14D8245A2DA08155D6D22BA2D8A12E70ED569363E37D1AE1D35FF006FC28E43499D2D3680965BC500A1B0B3A11E9D8C65914543903B7D00C8199E83B28B6525409671B37DF5E01E3E53711191FA8DC6812091D5351F828E7CFAA773BAB1DD6918AF60D9CF9B58F936EE760765A28224ABCF7969B71F857C5225B2B7D3DD9200BFCA64B9590EA03000C0309A8B64B2933B883D15710EC4B706005D6DE813D0D5A077BB28061DC2AA914C42873586C8FB229B04174809AAC9471345D0012325321DD81CEB4506D300178EA98FF680E26E904B082DAA232900F140F903DCD0006F3945A0DB656E241A4D075D82EF9A450586C51081A0EE3B6A92A072554001C4E013F0991658D89E6BD27F093743B21D3CA334427682DFA6208DE7FB4DA2E86ACB22D24D2DF97139D5CD042DF426EBB03F4B2B796108B180C0F1D1161B0089D7C25C90531E288DD916029948D6189F6CD06274ACB6B3014AB469912E8CCE89C3A157C9183883CB770784ED0F8B06C37C22D0B8327966F08B1F07D9030F6458B8B26C20F08B42E2C3E53EBF69211C90F8CBD210B1C396909DA16C0411CA02DA20FCA06F64374816C1C0F64C4EC6693F29151764E4A0A0D57C2041C6120A0754056C149858C2C0E120EFB19C438248293E80001EE98DA688738080AAEC00D0CA05760229D84C7D0CC381849A121DE43CE05295A26843CAA16C5248775A4C107CC22C5E12E287FD8ED96B9E12711A93E8BDAFBEA166D169B2D6B9DB7070A68AB183A926869A1DB2717F94A8BB2F8A773461CA1C4B523A5A39C1A2F341652895CACDF0EAB25B76B39407C99BA393701479E4AC9C28A4C7730916334A7A28A1CD2DBB06FD950D15D817D3DA930E542969BB02B286C012C6D20D597213066696205B9163A82B44C0E66ABC3865D0E0FF00856F1CBE98746410C8D34E6907DC2BBBE8AE496996B60791C26A327D213CD18FB1C692427F6954B14DFA21F9305EC66E85E7A156BC7C8C87E543E4B59E18F71E0D2D23E24D98CBCE8A3433C21C7FB56D1F05B319FD4544BE3F06E30B55F4F5ECC25F526FA2D1E0FF00FAAD1780BE0CFF00EA5F2C23C207F87F84D78085FF0052F40778453090D4FF00C05F011FA8ECE3EB74A6224D70579D9FC778F68F5B0794B268C5C15CA77263040EC95D900D02BAA09001C207FD0DF64058714905314921301772624C606D20FDB186521D9635B63852D9497C8DB52B292B14B794C690A4262A42ED4EC2823090BA0EE450EC9B8A282D809EE81001A70CF55484731EE1B881DD7451E5368AECAA22C347E105761A4AC610121A4103DD03482903D90D5708113A201902010C81DA423884D0BB003840AC6052192D143EC968A1D93AA041AE103A22064A409849482C3B90537AB26E4093B0E50524102F9290E87DBF853669C46AFCA064E384050A4F729D112925B652F96AC0E55289CB3F21F512AB27AABA39DBB2D6B726FE54B6087634631490CB99167209EEA5B1D7C1AA0D397385FCA96CA48E9E9749824F0B36EC2E8DEC81800AE7A850E541B7D8FBC4679AEA05F0B3736528A33CFAA05BDA90932E918353A920026EAFF256AA22329D63BCB7560138015F016ACC8ED5383AC9B56A04E9146A662F3B81C15718D12DEB467241C9B25592339CC11821D6F2722B0114EC452493FB8D055FD024439F8405008B194D02D0C5CD70000AA4A8A013743A2096C43836986C072414C4911C41CE6D08D1301BACA0993198317D10D91763B266C4FDC5A0A5C5B348A454F7EF3602A4A8975601DD045D1607C81A43782A5A5ECB4CB62D24D236C31C477A49C903D9A74BE173EA1FB18DB2973BE8969235FF00D865693E63836BB849CCB4AD68E968BE9B649A512492B41770DBCD77AEC9EEB93E89D5D33ABA7F00F0B821CCEE92539142B14B379B1C56E42E1293D231CFE1BE53EE8FFF00B2C979107D337581BF452FD13C93B88AF94FEF235589AF42C7A689A4EE8413DE90FC9490FF00C76CEA78778869B4B03A2FD2B4B8DE7659FB147F97C7A5FF00B33978B293AD1835A1FA994BDB1000926967FE537D9B47C6A5D99C7874AFA258A1F948B8F8E869BC1E6F2ECB00B0A179716CDBFC66919A0F0C22F70CF4572CFF00038634B4CE847A79590795E57A7BF7497954A8CE7E25BB46593C39CF3FB6BDA90BC841FE394BFC2DE4E1A6D52F2107D811FE0B31161B809AF2E25FF8E503C3E40EA2DCABFBC8878AB4C27C3650EB0DFE11F7E22FB3F0552E95F11B2D54B22912F16ED8F14A450732C0EE1271B2E35D15EA4B5C43B6003E15413E899C537D191CC0F713402D53A30942D87C8DC3011CE87F62D05BA47558097DC42781A2974445AB523178D959610AAC9E2D0A0260AC994036E828126023B20397C0521F610502BF9260840EE895611637BD83EE992DFC845A41616E10C2C8075458E83D1206984105A73451B1D6804022CA096857B2887729A763E3B15DEC99338F1616BB6F449AB2536CB5B211C9C297134BF92E6C83195145A6A8B1A6C80A5A290E0F5090CB6390B78FBA96AC77F26B87534E06FF002566E2689A67462D616DFA80F7B50E05459D0D36B71836162E0539246BB12D7009CACDAA2948AE480B5C6F928E45A68AE4163269C39A4241A290375721C782ABA1B407F5BBDDF909A0F426C24558F64EC114399EA048A230B486470DC489414D533A7A3820D41D8D23CC19DABDEF0B2E2F27F1EA5F0783E63CBE37F2DAF9378F0D6B79685EB47C54798FCC6C76E819ECB45E34519BF29FC97B34718FFE952C09193F25B2E6E9D8295FDB48CDE67D0DE5305D055C513F71B06D6E7D213AA279C9FB0EC6E0101143E7211D1B6B8C24572679FF001CD2FA4903F85E779B8AD59ED7D3F3BBA679291BB5F457CDB4E2DA67D4C1DAB4406949764B48A1494C4D82F29937F0104940EC202430774C42FD9024866F4498E8B07BA96521C148A436EA3D0254344B1F2829301C04C195B8F64D223FA2BBCAA26C3681D8376514161B28A193A8F94D099CA2689F92BA68F1AE881C8A18C122D06F1D120764BC20130DA28A05DF08A25BAE8968061BC74414419E5021BF8487485767A2689004C64B09012ED001AB40D2B2C637ECA5B2D446DA958F8808F64002BDD30A0119409A01A4C4D225FB206B41B290263035D50521C1C29A3441B45058AF7868BEA9A8D9865CEA0ABD99DEF7135FC2D1238A7394FB0B584800F086C490E00041E48FE548EFE0B6366FE99B4AE8AAB3547010EDA73F0A1C86D1BF4FA52F249680166E452E8E842C10B1C5ED2E163EDEEB394AB4114DF469790C031439AEEB394EC6A3652FD40DD5609E290B655518E591C77771CA6A34328327A03496B9CB44896DA31EA642F8CB4F00F2B48ADD8330BDE7A67DCAD52336E8A5CF05C3055D10E401EB710315C5A3A1FF00429192130A0868DB9AF9458E885AE0D070422D740D68595CEDBB68009C52EC4D88D25ADCA6C4004134317D531C76424037680A48573C38FA426914D2A263AA44A8D90A09E980B89C009D1A3E8B63648F14D04852E4976424D9647A191E7852F3243FB722F67871BC951F7BE0A58AFB34B3C3DA07A85A879197F6CD51E8B2364774A2592BB2A387E0EAC6246C0D608836BAD2CBEF3F45FF008FF26768D444F3E59ABEAAE395AF60F0A63BA0D44A097BF9E694BCABB6CA586916E962706EC74AFAED6B1C938BE8B8C699BB4FA585AF166C95CB3C8DAD1D3085B3449A78AC7A7FD566B248DFED0FE531ACE292E6DB1F032CEF6B71416914FB2651656D8C9682D6DB8F40AD49B747349516C5A79DA497C640F75592124AC9C524DD1BE395AC661BC7B2E2716D9DD15466D4EB378ADB85A43156C252B46463B3B837056CD7A31A363A6B8C632B151D9BA5A246D01B9194365A82F6064EC12516E50E0E8AE08BA6D4B032CB714A238DB6271A39B3CD1B9D6D02D74C62D68C2514F65464DD543ECAB8D19F1453A968232169060E09153628FA372A9C990A3F055A8D187F40AA1968A78F919CE800E42DBEF232978ED863D253AA8FD929654C958E503B1A7F0F63E2C8C95C52CCD3364AD6CE76AFC14EF259C2E88795AD912C48A1DE092ED2EDA6BD968BCB8F44FD9B5D1826F0F9184FA48FB2DE39D3337E3D19DDA570E47F0B4591112F1ECA9F016F454A7660F035E8AFCB2AB911F681B4F64ED0A9A21638006B08B42710007AA05D760EA13187FCD20213548125640E04A28A714B64DD47845042490C2DD80974577D1075B086294AF403C55A08D87247A8DA077602C2D17D0A2C5B136E4E155934AF40CB7E100EC66C83A7293435245F14B6D37FB82871344D1635E1C2EC83D54B54527EC70EAACA9A0E4591B8076721268765F149679205D2868D148EAE8B56C8A5B96BD3CD7559383F41CD3546D835CC7BBD3F659CE3F269155B3743A9128CB87658B8D745DA2D31EF6836DAE54A743EFA29DA5A7A381E08E555A1A2AB22EF0D4FB28AA401D62B8E32A810B206E287A90983A1763DAE0F04870C821352F826508CD7192B476741E2C243E5EA406F40FAC1F9ECBE83C0FABB5FF6F3BFF7FF00F27CD7D47E8F287FDCC0B5F1EFFD8EB0E2F91ECBE8A2ED5A3C16820D71F74C4B435922C2417B2754D0EF640D1FFDA0541CA07A14370804F463F11837C471D14648728B47578D938C8F09E2D0F9731E817CB7978B84ACFB1F133725473F715CA76DFB1AED21D93EC802207A19B8498E87AC7FAA92A852A80521325901AEA90D686DC328A122077BA545137E53A04E805DEE8A0B0EFB1DD2A1D809349D098A4A620134501D03764A744D87784A87600EF501EE9D136735FF00B8FCAE93CA6BE418C2034303D024341B40EFD02D004B40305940AF4416818E12297EC361229937A28562EE4E88B40DDEE9D0580393A1721814A8B4C20A54522C0F03AA9A29364320E88E23E41DE4A543E5F00DD84E85CBE498403760BF7402D12F2806C968A0B4106D016359A486E54B6073EBDCA74734F3B96915905C7B955D18763068FBDA5632C6B6F23F85208D31C2D706DB4877B296E8BA3A1A7D2EEA23B2C9C8691BE1D3061B22FE54B9148D3E88984BC1C5F0B3BBD20AF63CBE970C0BE4B4F014DBB1D233DBC91775F0A68BD1448DFEA1F2E851E4AA5FB0324923A9F6435A02D1226D985CF00870EDC2DD221BF6679260F71680482A946B6436D94BEE8ECE074EEAD7EC2988E19E8DEE9815B812E068803AAA4D2414C76503720B1D8297FA1FF64710E26862F085A1314ED696EF3E83D952DF40B5D8AE73377FEBD134982498A400807A14D923184C49FC0481C1C207A23597D0A1B25D96374B238E1A6BDD4BC8914A2CD71682DA0BCFD9652CB5D0F87C9A61F0E66EBA254FDC6CD3823A516976B2836BECB375EC697A45CCD2D024A87346AB1B2470343F22D3FB8920789B2F8DAC07D55F0B29E4FF00E92E189AECD4C9E160DA00B5CCF93D9D118519A5D4492BF6C4C247B05A4552D8A49FC955BDAF01D829BD98B97166D85B63242C24C89657E8BE28985C72144A4C51CB65ED8DB0B8BC0BECA3937A378E44C05EE90D9C0F64551DB8DFEC3628D92951A368C92337BF3DD6C9D2327237F86B606CED12389AE3341384E29DC8E6CB1957E274F5B2EE718F6358CAE01B4F2E753D20F1B1C52B976607491C76D0091EEB91AE5B477C78AE8A0B18E36473D95DB40D2648E36DD0010DBEC8E14C923403484CA5A2E1A7708777451CD5D1AC594B22693655B934695655AA8C6DA0AA122654D19069E851E3B2D799C938EC68E139B1F0873212A03A2B34463E10A4376F43334C41E3093C8118717609A0A369C666A369B44E986010DEE94F2A892DE8B99A2644E25CA1E572E8F37C9CED4B8A33CFA92C76D8C1202D230B56CD714DB5B2ED2CAD92F7F2A2716BA3A413EBBCBB60682111C37B172A748C4256C8EF5356FC5AE84D33669745A6946E929633CB38E9151899F59E0D148F3E591ECB4C7E54A2B64CA3B314FE02F0CB6E40ECB68F98AF62FB36B671F55A0962756DBFB2EB8668C8C658915985FB407315735643C2522368277B4ABE4FD183C74F650F6671C2B52319C3E042D2AAC8E3A108FC2A23A206D207641C6520EC3906C23B2E32E2313794A84DD81DD0DA682C7AB18CA9B0E2C40F70041E13A4CA52754C879C264B4A3B258DD8BE115A054CADE32484D333924881D4708A1B69743B5E7E12A0522C0FC0BB53C4BE45AC77041CA868D2E968B98EC7AB0143434CB9AFE87F6A9A2D522D8A5238E072A5C4B8B3A7A7D596B45925C4FE163C4A6FE0E9E9B585C00DC68F42B19428B4EBB36B1A64068DF5C2CDAA2AECADED0D22C04D7E87D944AD183B41078EEA903165B0C360803A5212195D5EDDA723A2681B11E68B984104FF009FBAAA1D9BF45E2EF84C71483742D6EDC7217A3E07D427E2BE32DC7FF9D1E37D43E951F22F262D4BFF004CEE4523668C3E370734E410BEB70E68668A9C1DA67C9E484A12709AA68D0C6E16C4254122AD143B149AE100C81D6729013AA60473439841EA108A4E9DA3C6FD47A6A2E2BC7FA8625B3E8FE9B95E91E5B824657827D0A2C6DA965A541E882C88043B729328B055281588E2A90ACA89542D9013D501B020283FE481EC98050314B93A27912EFAA284A41CF5250527F2426904B6239DD93484E457B95513CBE46050C698CD396FCA43BB30B864FCADECF316D000C25615443C206F64C754C4D101B394010A43A20E530E21271CA41FD13776451429714E896C5B298AC97650264E780800E5004C848A760B2985B0EECA039077652A1B6382950D3D0D7EC950F9105A0A4C3D520E894818C05A563A41FDBEE85B22735015CFBC04E8E594DCBB16B3EC99258D68ABBFB24C74591B4E001614B2B46C862DC78A3D8286C747474FA61D45750B2948746F8A0DB44F559B687565CD2C2DB77759391718D08C2E7DD550CA45D8E4359197BAC58A05176E85AB2A6398F71692016827E7B26F42B39934A58E70931F2B5514FA25B39B3EA417107D59A15C2E88C0CDBA66794D6E3B8815FB7BAB4007B4B581DB76B4E059CE135DD07BD08E7EF7104068EC13AA1DD0B2074800393C0A4D3A25FE86F235074DE6B8131B3D20F64B9453AF91BB6B7D1981A36E2B4AF815D97CC61A1E538B85288A97B1C924B450C00BC03D4AB7D0A2B97659AA84324001040E54C256ACB9438BD1586177426D537445596C3A77BFF6834A6534838B3733402C179B3D962F2BF45C63E99D1D3E85A1B6D60594A4FDB378C52E91A63D0179F652F24628AFB6D9A9BA1631B7409593CE994B150591B3E144B2B36861E4E998B53AD11C85B136C7C2D6317256CA943EDF450CD748EE9569BC4816CDD082E659BB2B09699AC62688E3DA1C7167B859B91AFDB466FD212FDD6569F77540E08B636C91B88693479212724CE69C5A03D849E4DF708523972626C91C6FBB2FC7CA4E48E4946517A3A3069E4316F1C7B9584A6AE8143232991D3969B18ECB58C60B6C5F6F2B743E9992ECA7023DD67371BD1E9F8EA715F9170D3CA33D1473896BCAC6DD596B62007A851F650E5F0754545ABB1FC80083569730691A2270B6EFC0EA7B257B25C3E07D4881C008AC91FCA7292F4851C72ED991CCDA2D09D9A740823739FE9B29C9E8B5B1E785C289391F749490EAFA2D1338C7B1CA1C55DA2A28CAFB73BD2B45AECD4B4458B36A7918CA423DA08F74D33368B5B0B1B1D8C952E4DB23A465742E32607FCAD54950ACE97E95BE536F1D70B9FEE3B21E47D2334DA3B6DFE1691CA1CD9544E92105A385525196C99BA44998E7B6EF9445A479ABFEE642B8BC39EE05E42A9674B47A70C6D229768DFBCEDB03D82A59551A2AF648F4F9FEA37D49B9FC1A2512F6F860945D80166FC8E26F1C29AB289A1F22DA0F0B48CF96CCA5151E8AA1796BB2E2AA4ACCD4533AEC71F237582B91AFCA8DFEDAAB395A86095DC2EA8BE2734A1668D1F84325CC8282CF2792E3D1CD36D1CBFA83C3B4F0B6A202D757899E737B328DFB3CC985D75B57A7C909ABF4492131B6CB0FCA4A56C1E2B3398EC5D52D39184F17C215D1E2C26A461285159690AAD114D0B4474298880A008784132234B9B80708D32E3269107194037616B516161069DC652A0D009E6C7DD3426AC438C00989574C073556989A035D473CA2813D16332EE70A58D3D976F23824A8AB354D5765CC9B6B6AB05438DB2ACBA194D9AC83852E234CD0C968F3CF0B3713552D1B74FAA2180922DA6C1AC859CA252E8EC6935436EE2EE45D85938594A566FDCD900A22FD965545A6CA648F06F9BE88B1D95383371201DC46013CA298D50A7D2D07D21B75F7EC987456017073A8DF395402004D9FBD00802FD06A64D24A6ACC67F734F0575F8BE6E4F1A7CA1D7B5F27179DF4FC7E5C77A97A7FFCF47A5D36A639E10F89D63AF70BEBFC5F2F1F931E507FFE8F8DF23C7C9E3CB86454FF00E4773AFAAEB3060AB184E81BA204505DF41192861D1734638402D1C1F1F83731D85C9E643942CF5FE9D9126ACF0D3B032420D2F939AA9347D96369C5159390A4D3402E4E84C978E50082D3EE91459BAC254408E72690ACAC95545A43348B4863D848623ED344B10DF74C977E8149921008F9487B187BA455B21412E84230A8968422AD315501A982181C8F948A7D18CB8EE3CD5ADA8F35326E450EC526D14201F84C4D04923AA07B213EE8158372281C89B9016424A07600094050C1A958D443B7BA2C7C0846116269225651608845A0A250413A26D1EE8B1341AEA80A18048A4876B54B65A43525655036A2C75B1C0C7090C0E7809A46193371D44A5C4F345551CCDB7B1982CF44305B2D00ED1834A474591C5607449B1A48DFA7D3977A8B30455DACE522923A7A6D3341B386DE4958B95946B6801B86DE6C3AF1F14B372F455004CC782459E8287550D3F654476C5BAACFFED8ECA6C6188491446491A400EDA2872136D3D227D83513C62401D9B3EAABC0F74A29FA1B7A38DABD73632F2D04077EDC51FB2E98627226E8E73A59E6C4945A4EEBECB7518C7A22DBDB11A5BE5B835A77027D5DD363A456F95CF00EDB7774D4684E8591AF6B9A1B4E245FB2AD05EB62B0C8D738B074A763BA1D3EC498864746EB661E3AF64F8A7D8FAD8DA6D7BA190C5A92E742EE40FF00444F0A92E51EC23957F1657218DD238B0537A029A4EB626D5E847D1386D05484FF00433217C8E1B5A93925D8462EF46E8B42F26DF8B583CCBD1D0B137B369D18003636E7B95929B7B65D28E8E8E9BC30C6C1BB0B39668D96F1B7B2F6694075EDA532CEA84B0B5B68E84713032BAAE496593675471AA235CD6BB6D70A1DB566B1C75D89A825CD21A55435D97282F464640F7923BAD5CD22B1AE3D9967F0D9FA70B48E7884F1A974570E8240E1B9879E4AA9668FA12C675CB1B1B400B92DC994B43B5B6381F749B29B357F47CB1D31C2CBF2B3052774504B4596FF0092BD9A357D99C82E24E72B4E8CF86CD5A5D3F98723EEB39CE87F66FD1B991BA388B41F4F62B0724D92F1D763C31B0B6A439BECAA593548C69A624918DDE9185299B2BA1A199D13B63DA48EE89453DA3C4F2FC19397281BD874F2F005AC5F2479F2CFE461D306B2011476C29C1D9B61FAAE48CBF23117348DB46FE55D33D5C5F538CBB14C65A13E47743CFC52ED9226B9F7B80A449A5D14BC8C737498FE53633953C9B3A22CB7D0E071953B46966795A77629691669192F608E3F55943968539A45CE8DCEC0C052A5472CA49BD0C34ED68B725CDB04D936B07545B336A4572BDA08DA32AA29FB2E10B2B92491C3D2687654A29765BC46676AE52ED9D568B1C6AC5181A7C87ED05DC959F344CF13916085E08005A9E48CF078BC256CE84311F2C0770B9E52DE8EE70B545C2389ADC80A2E4CCFFC7B7673B56D6027680BA31B65AC6A2662E7B410D2405AD27D8A592BA314CF6D9BCF75B4532535232386E7FA410B54E912E2CE8401E63DA4AC255760E4D6831C6186CA4E5644B60D6EA24316D87946382BB913C17B38AF8A571B9DC5D6BB54A2BF88A518D5335E974904C05816165932CE2563C7191AA4D069DC36902964B34FB2E78D44C5A8F038DD19F2C73C2DA3E5C93D983C68E4EA7C16485B7B4FE17543CB52666F0A672E685D19F537F85D519A7D1CD93019CC4D7349185A7268E7960654E848E15A9184B1B5D159691C829D914D760B34980471CA40C391940D764AB3D10390BC83549F43A5401679A4C9BD00E05A01321A3D1026ACAEC87515544A5F23B6423DC24D094E916324A6D8CD28712F968B2396DC0F0D49C4B5234364DE164E346AA499AE27920F3C6566D1A73AD336E9F525B286B8ED8E8037D42894745A923AD16A03460802FBDDAC6511A7B3A113C4C0171FB10B16B89A2698246169C0143B148A4679058008378273FCAA414990D3368DA0939041AB4AAC654F69739B408EC1A3FCD5A7A076C0E040AD8E1DC26956C74369679348EF3184169396F75AE0F227E3E45931BA673797E1E3F2B1F0C9FECFE0F43A4D4B35516F8C9F769E5A57DA787E6C3CA8728F7ED1F11E4F8B93C69F0C8BFF00D9A4F65D873582F84C41F708A1F22D0EC25637AD98BC499E6424D2538F28B46FE364E323E7FE2CC31CC4D2F95F331719D9F6DE1E65381CF2E5C7476D8094C01681A61DDD914161DFD92A1593713CA28900415B08210526580A43B25E120B115003A20084209E897DD02D5107BA044C207A11CE09A42B42171BC70A88722036E1F284272B319FDC73D56C7020E3B20AD009A403A40E502264A044A405100CE503E21AEC80A64AEC806823E5003852C682914980E784D03D828A760930ED3DD2B0A6306FC2560A299291655208194025B0D764874304874363A948A44C036806E85329046DC154A3F27365CEDAE284A764B81CE53D1CD5EC81BEC86CA2D651A00654B02E8A173CE2A94B743D9D1834C0806B232B394CD123A3045B5ADE49E56527EC668164024D00B2949149308717506803B9E71ECA68B2C631A5CC616EE2FA37EC97CB25B36CB243E5EC31960DDB4F635D42C76DD9575D1935CFDFA7037101B7FD36BB2DF7571D484ECF386694C8F1A70E91EF1EA24F4EEBB94535F968C5B77666108635F26A0B9AF0EDAD68179EB7F0AF97A88D26FB248E6860903B78278DD8FBF6424EE8B654D79A737D05A4724F1F03BAAA15FE8AD923D8C7490B36EC1B4DE6ED5349E9BEC4B5B11F239E5BE692E7903F1D13E35D039595B652D7BA9FB011F954E36BA05A04B2F9AE7381166B288C68726A8A8B2FDCABB32A6CB2388BBAA872A2942D9B74BA232CAD68692B29E4A46B1C5E8F4ADF0BF2616B9D42C62979DF7F9CA8E870E291A34FA58C8FD966B1844A75B2A0ACB9DE1EF037ED3DCACFFCA5D16F114BF56C6B830E4F1412E0DECA8B4B458E7796E1E9BBCA94ACD9576CA9F339DFB451EC15282457355A043B8E5F69CABD0A2ECD11C7BDC036CACDCA8D53B2A91C6290DAA4B92072A3469A6DE6F2B39C28B8334B46E231859BD16F657AA86892C1BA82A84BE44A0E472E474CD790EF485D51516B4378DAECA9D23B14682A490D468B048E18BB52E2854747425AE6D1E573E4BB21AA3AFE6451414C22F801727194A5B35E7511621B80738A72D691C39676E8BE2D3BA72368A682A25350EC87348E8C3A0898D3BAAD734B349F42E5C8497491C8C263A242A8E4927B25B68F3FAB64B04DFD3C6577E37192D9CB9FC659F46F3AD1269B611EAEEB2FB74ECF1F27D3E7091CB99CE126EB2005D114A86FC77189AA0D4C7210C44A1ECE06E71D366C746430069F75CEEECF47C3CF8E34DF62BA2DCCB7136A14A9D1F438BC98C969943BD0795A2D972F2147B6308CE08C92972308F9D06F4C776E60B2D52B64FF009D8E4EAC62F21BEA0422B67562CB1974C56CBB866E827C68EA8B454E70E992A922AD1036F8458EE866B4557549B1DD957920C96067D95F3D1166C8DAE228858B68D13B36C4CA1FB785849969163DC024917131CCE24D0C2D628A6CC9334B49BE4ADA2ECCB230B630F88E729395339DC2F6633A52D7D118EEB6FB968A84345D169D8D91A5CD14A1CDB5A2A491D774103A0B656EA5C8A7252D98D59CA961A04755D5191A28AA33790EDE2C2D39AA3392336BE216052D714BD9849FA657046E8C6154DA9041F134DD8E32B3A35790B216C8D901BC76532A6895B3A8E974D34418F680EF75CAA338BB415F062D478269F50C340595B43CB9C18A9FB3CBF8BF804BA707C8048E57A783CC8CFF009112C7AD1C46E8B500912348A5DAF2C3D1CDF61FFA8AE7849FDDD30AA32F832C982FA32C9150B06D6AA4724F151511472ACC5AD901F640EC00F229009FC90020DA06A54138C8414991D9E300A109AB7A11C32993B4F60AA71E3E50342EDC9175D53B3370172D29F624DA19B25023F05268BE48D10BAB17951245C59ABCC31BC8A2D7034B371F92D4ACB5B21701D566D51AD9D2D2C92BD8CB1E86E31C2CA512CEA43AC05ED635A19400B1D7DCACA51D516934CEAC73F9AD0086F617C2E770AE8D1484D442E6805A1A48E8384E1FB2BB6633107551340DDAA72A0561717B7F7389CF2318ED69249F41BF6001D878A37CDF3F94DD7B2915BD8324DEEEADEBF215262459A69A4D24ED7B09C9A22F9F62B5C1E44F04FEE637B39FCBF131F958F864FF00F87A2D2EA59A8607B6C5F20F20F65F69E17990F2B1F28F7ED1F0FE4F8D3F1B27DB9FFF00D2E356BB9339DD7A1771B4137A1DA77048AEBB23DBB9A47B2686A54ECF15F5269B69269789F52C35B47D3FD332D9E67AAF0CF7D3B01394CA21BBCA04C8DB4021C72A4B4870121F10FB243A014C74404DF281318243E8575A684D82F3940AC9B82284E42177655447306E368A139321253139087E504D93A204DD0CD0770F94027662756E3F256C71A258E881D80FC2008012800D6103A255201686143848613C201BB051405361ACA56143008B1A43505365241A458E834958D2016FB2760EBD840A0958451287540502C260004DA0563024A43D909A1942172AEC42E2EE30AAA8E6C991CC9401EE83219B57609498CB5ACBCDE52B02E8A33791454B633A7A3D29B048AC70B2948B48E83236B1B6466FA2C5B290FBC0A7380038532DF452EC8E1E6005BFB547459A6285AC918D79345BBF70BA68FF00749CB4C946A8B5B1C33970025746318A35DD66E32687D9C8F11D7B44D208E4F40FDA08BE7268745B63C4E9264B6FB38FA892495E22692646E48C9AEB64F55D518A8FE4CCF65504336A1E1B079C66A05BB458201BCFB61539286DF41EC563E1692F326F73AAA4AC038B2E1DB9F9A4DA93D177BD9926DFB8383486BC071A15C2D235D05A1DC3D20EC045F27A29FF00724227B85F1F92D0775F99D6BB21C3776568CCEF5B47A40AC6169D13762969790002EA4EE83B1DB0E32287B24E60A166CD2686499A5C5BB47BAC67954748DE18D7B3A7A4F0D8716773AD613CB2ECB518A3D378378687E5A060F2BCDF23C8A073E3D1D87E96063479E41AE8B89659B7F88472F2ED14CDACD2C2DFE9B4602A8E2C927B3552923992F89998384630BA63E3F1DB36834FA3953173E66EC67A9754692D8A5A1EE573835D497E2B6869B65E5A23F51216777A36497B003E61B03D28AA2B4FA3641B9A6DA33DD652A7D824CA5F0EE97D5C954A54B43E3F268F25B1B46CAB51CDB7B36492199208C8B3EA1C24D58DB41FD58DD47252FB65E3CAA2CA75A1B2C45D5EA578EE2E8EC728CE2718B5DB88DA576DAA395AF82ED3C4E73C00092A272490551D76694C2C17FB8AE379393339B2DD3C664786816A6724959CD91D23AB1698B08072572CB259CBDECD724EDD2C7759EC162A0E6C9AE4E91C7D47896A3532EC60DAD5D90C1182B675E3C708AD9A7FA9A58B73242E27A2CF5374D0B2252E8CC77CCE0E9015A6A2A91CFC6892359781484D838A6B624AC698A804E2DD90E092B32B22923903E3E8B6E6AB67CEF94B9C99B5D24C19B88AA595A6E8C61E3C9ED034D3CFA87EDAA6844E115B3BA1961E2ADBB65BA906300B864754A0ACF3737973CAEEE8E9E88C72C21CD02D6538D3315965E98EF85976E70EEA6FD0D64933078896B6A858F65708B3D9F0FCD8E254CB34DA7F321DDB694C9B4CF43FEA904B450FD382FE80774D4F47A3E366FBAB933445A4DCDF4904ACDE4A7B3A6722C1E1EE665C3054FDF4FA146430D1ECF5525F76F434EDE89B0818A3F09D9A275D8E0BB6F1953A2F914EC91CF576920E5F034DA67D034528E441CECC9B1CF7ED216B692B259B99A231B039C162F2DBA33E488ED38736FAA14E99A2D196487D5D168A42698E1A6319E12BB252289DE30E015C57A1943A473F2AD248CE4A8A9B1C72BFFA86A95B938AD19C922A9A2687534E15464DF62A086803DD0D95148673E824914DAA324AF25D62D6D15466D9A74BAB7C6E1766BA1594F1A65293636AFC4E205AD7B6C94B1E07DA2F5467D6471BE207CBA2EF65A636D3EC9946D1E5FC67C3E62418B03B2F4FC7CD1FF5184B133043A094C7EB04382E89668DE8C3ED7C997530F96483CAD213B39B261F833F97790B4E4724B1B14B6B04269D99A40AF74C6D20574E5160DFA01208A3D1056A806AE9308244693BA90C22AC879AACA0290AE6D8B3C5A6990E37D953BD2EA0A96C9A48BA378BBBE14B4545DF45C1D939C7F928A2D0D1BC8208EC934529B374538731A07A6BB2C5C5A358BB36E8A67090B7D2EED7D296328FB46FCBE4EBE927036E4127A8C058B563BAECEAC6F0F0010050F858B8D745A6D94CD151B193D9BD93BBECB5FA2A2E3B9AE7135C234BA1D13690F203ADBD0DF2841455B7638EE1607142C2AEC49EC57336926F77522B84FB1DD0FA49E482769670EFE56FE3F913F1A7F720FF00FD9CBE67878FCCC7C27DFA7F07A4D3C8D9A30F6D8EE0F20F65F69E27970F271A9C4F87F2704FC79BC73ECB2815D873047A52E8AD7B183B250C13470FEA3837C6E35D2D727990E50B3D8FA765A678099BB6420F75F2D254DA3EBA0ED262D59CA45849A08190243430384A8AE4883A520561B4A87630F740F901CE03AA1225B4287764E896D06F9CA01314FB26160253336E8524209B202500E4C2323281ABF61012B06894815107EE1F298CC27F71F95B1C49900CA00602CA4521ABD922E804261440DEE958B83F636DA458F8A06103F4363BA43541159486A839A40A83490EA816130BB082908201282A8347EC81936A2C54291945934FA0D74414907001270909B496CA5C4B9DECB44A8E39E4E4C83F8411D8ED6827093622E6369BC5FC29B2F45AC65E48BCF548125ECE86960BA2E14B294BE0B48E835DB00078E161A668968B9AF6812195D4EDB6CC5D9ED7D143D8F542E9C995F55B6C741D53E90CBE18C35CD6BD8E2C71FDC39054B764F469F13D58D3E9E16021EC7677570EEDFF000B2845CA4CA6E959C397566598383E9C79A5D4B1A48CEEFA39B339CF9097D6C909F51049F90B68A490BD87CB96202389C6374CC00B6307D4C3DFE53B4DDBF452B5B2E8BC566F0C6B86981304B61D923710D22FE3D5C7B052F0C72FF2ED151A4F7D9CF81CE8E168396D00F1D4FC2D64B9322B7B3768B48DD4EE7BE78608DAC73F6BDD4486E48594E7C3D5B2945B7A39F33A62C6C82B6BC5B401C0E16C94569937E87D46A3CF8D863899131A03368E49EFF2A630E2F6EC1CBE0CF1C4E236F41D168E496C2316CD7A6D239C6C7A5BC65633C9E8D610A3AFA4D0C4C8DC49DE40B5CB3CB26EBA3AA114D1A74EC2EB681802CAD1C9455B318C1CE54813B608A2277FF53FC2395929CA4EA8E8FF001971BB2AF0BF16D4B64F2C1AB3584B378D06ACE68E36CF45AF9A17E9C06CA4C94BCEC519296D68E858D2D2388F63CB29C6AC775DA9ABD14B0C8BF4DBA288B1A2ACF2544EA4ED9AC20E168BFC82D21D5951CEF454A3656D65480B8925537AD1108FE5B1CC46477FEAA7951BBC77D1BB4BA76920380A584E6FD0E0927B3719218B0D68F958D4A5D9D4A71AD186402475B696CB48CDED80020514DB21B2A90B636B9EE1BBB2B49BD238FC9E4FA31C5AE0D943BC9C5F65ACB15AAB3CD9FDD826D33B71B74D3C41D756B89B9C1D1B62F3A70AE4C0FD3451814C06D35924CF4F0F9CA5D0FA68E364A0EC15D54CE4DA379657246A934FE73CECFDAB353E2B673CB235D9AA0D308DB6052C6591B39E72BDB0CFA80CE32511858A30BECE7CD3BE7C52E88C144D94547A15B098DA1C40CA6E77A2B91B21D6471C54E65B9632C4DBD3136CCE755E69A0DA5A7DBE246BD8A584F00A7744B9A45726D8DA4DE552B66529D94C52879A055CA347959F1EDC996179B01DD54A8A3CFC9E4C96917CAE95B8822E3AAA8A4CE293E4ED9A208BF5B16CBF575C296FEDBB0A5D1A869DBA6D36DDE1B5D6D4C9F37643330D44200DEF0EF842C4DEE8B5CA5FC4AE596195E361BAE168A2D2E838CBD97B5CE31101D43B058389D1872C71BB68CB242F0DDFB8A69FA3D7C1F54DA825A34F863B6E5E6965995F47D0465CA368EA4D338B2DBD172C62AF6256678A67CC36BC86B78C05AB828ECE1F23CC941F0C6B65AD876BFD375D6FAA894ACBF17EFC9DE434C7A6CDB9B8593C9F07AAA3A2F10441C081951CE446D1616C65B4429B61C8E6CDA60652E6E32BA6392950B91A8169876B8F4593BBB4455339D30D84ED385D11766B19330EA5E43851A5BC11A276AC474E0329C6D350DE8C279A11EC4046A0EC846E72D218E47264F3B1C7D8E7C3F52C6171613EC9BEE8E77F56C6F4D19DBA2D44A6DB11A56DA8F62FFA9E1B34FF00D8B5EE66E6B3054AC8BE01FD4F17A288FC1F5C5C7744E03BA6F246B4387D4B1BD0BFA09CC859E51241AE12E691ACBCDC4BB65D27856A638F7792EAF849644D992FA8E17A6CA747E1936A1E5AC6D3BB14E5978972FA862874693F4C4F0B8EA350D05A3294BC97551143EA98A6E8CB36D7BF6816076446D2B3D0E5ECE7EB58D0EA3F85BE36CCE53462744DA216DC9993B326ABC3E378DC5B656D0CCD13A391AAD01612E634D2EB866BD3329634FA39F2341796D7ABF95D09EACE59E2451242E6E7A2B534CE59636B65270ACCF6027280603C61305A212481B8F0834726FA2126FDD026E851609394C56E85037BDDDE93E91518F28B62D6D727D98AEC24D115DBA2545A7F25EC78C67214345A63B5F5909514A491B34F2D8B1D790B1944D54BD9D1D24E70393C5158CA26AA5676347396BC0B156B9E4B4691A3A71BDAE15F7E3FD562D51A2624A2858364D709A5634DF4544868A6B5D779CE114FB18A0F965D64F175769AD87457B0494181D4ECD00ABA12D8BB0669F55C60E7E13B28D9A2D6BE2969D9341A43B0574F87E5CFC4C8A71EBDA387CFFA7C3CCC74BF92E99DA12075169B0BEE3067866829C1DA67C264C72C727092A6885DDF95B88B199F94857451E270F99A6763214CD728B47578B938CCF9DF8A43E5CE6FAAF93F2A3C721F6DE24F943661A5CD67512C200282860D4AC642825B12CA626C809450B912ED04B685B147AA7444992F0804C9794156D8436C738458A89B40EA95834009852187C94843017D121A6C9C2018BFDE0FBAA0B31EDC9F95AB671A88C02565A8FB0808B29209A48B740EA99233694B293B238A681885C9D112913722849877652A1D8D92520BB2206103281A1BE1228367B201BA0807B8090E87DA958E881A07CA5604716B459E1349B15A4B6673721B381D168B471649B9305742328336870001C24C638009E329096CD11C7B8E6D4B74524CE86974BB9D5B6D672968D1A46E3E91B47C2C6EC697A14343492EC13EEA1ECB4070DC45DD7B26950CDB183A768735E038539AF06C10A1D310FE23E22D7E99AD6BDAF94D1B2D183D890A2189F2BF41C956CE197BE52E602E73B9BE6B193F0BAD24B6676D99DEE607B9914AD70BA2EE0AADD5B415EC875634F0EA216C403E668F2DC1C7744E07F70FB584D43934EFAFFD9716BB10C5332D8F93FA8F01EE1BBA7213E4BD2D06D8AC67EA5E1AF9594E040DEEA68AFF005C22F8AB4836F434B1B22D40D3B276F9469AF92B16466BE38FB213B5C9A069AD18668DBB1A5B65C466FBF65AC5EC4D34CB2264AFD35B2F6C629C7A0E80252694B7EC24EFA3469F445E6D80968FEE59CF2D76690C5674745A58DB2ED23738E785CD93236AD1D10825D9BE4D26C20ED0475A518F32F654B0B7D1669A271949702D61155DD4E5CA9AD1A61C2D3316B1BA88642C89A46EC6E2AE128CD5C8D7EC7176878B432067A18E37CB8F254CB2C6F6CD540D31689B0B5BB2B77559CB2B97627045EE8699B8ACD4B64388A63639A05D9F74F934690D0430798C249348BD334D1B9CF2406D5D2C2BD89FE830C2C7C85CEC57094A4D2A4675F95963F4EE15430929A3754CB3F655A9EC6E25AF1149075DC7950B929092DE8E7B9A2322890BA13B1CADF43EEB14DE4A9A39271CB275E8A250EDE371BEEB48D51A2C54B65714AC32518891EE154A2EBB39E714FA45B24CE0E1B1957C0A50A0BD9C197C56CD9A69257B86F3818A594D45746FE1F8CE2ED96CDA831481AC658EEA230E4ADB3D38C11B34BA9DA321633C666E1C82FD4C9238818010A0A24BC48ACE182F36ABD94A059A67300362BE54CD31CB109ADBE060764F199254531C4E700ADC897348BDB0B63164E54727231792D95BF51920615287B0E3655269BCD8F7B9DF654A7C5D212C7B3135A637DB785B376B6679F0B947F134E8DED9F56D6394CA3C559F2D9E328C9A68F45A76B2305A736B0E47315C92334F2D4629CE557CCAA72ECCDACD33B591FAA4B6F609C7271D24059A7F0D899A7D81A0BB9B56B3B4109B8BD9CAD630E89E4915D8AD94F9A3797937A13C3FC4A17BDCC91D441E7BA8C98249724424E6CE897364A0D7D8F65C8ED1EAF85E2DCBF389B228DAD68DA38584A4CFA582E2A917116DAA598362C70ED380426E76428453B48D4D269666F165CC95DC150E28DD65A1C120FA54BDF6294F90FB5C459095A332895A49F41569FC826857C2E6B6C9B4D4D3E84E4BD14BA3005956A44F2306A2169B20ADE13663973715471F591CA01D87D97663947D9E2791E535EC4F04975306B9BBE22F693C81C2BCEA3287E2E99E73CBCB68F7D1399245F2382BCEA32B6D95C1A8863929D4D1EE139DA45285F46C3AB63CF970B81BEC974AC29C5597421ED19A52990E565822887ADE1A0F755C992DBE8E2EBBEA2D3696631101C38B0B48E294D59D38FC5C9356915C874733D9A8D3EA031E459A2A5DD548CD42717D183C4E7D7E22827F3637E0D2A8461DB3BB0CB025CB22A66483C39D1B0B9E7D7C95729B7A232FD625758FA3CF78A0DB31072576E0DA3D2C795E6829BECC1E708DBEA04ADF8DF474473F18FE4698F5DA6187919E02CDE19FA217998D3DB336A4364712DE3B2D20DAECD71E68647A672F51E1C0BFCE60C755D51CF4B8B2E493D94CBA50E6762AE391A661F6EF47327D359342885D31C8613C4BD18A561073D16D1672C95095DD3177B15C09A4C136B64C57BA0A6EF64760D83D32130BA2A693670A98D4F43901C09FFE053D10D7B2B360E32151174EC607D5EFCA45A7ECB81F50EBDD4D1765D1BC0167850D1719236C12E7180066F36B1944D14BE0EB687545B20796873C13CF07ECB09C4D6DA47660D6F98D028345D91D3ED8E16124CD2346D6B8491FA700F55927469B33C918F30EE1E9E9B55DFC0215D44BB2050AA1D949548ADC6FF60ABFED015AFD93628BA16083D3286FE0A4C5DADDE4E5D5D10ED8266FD16AF61CB4861C1C7057A3F4CF39F8B3E12FE2FF00F4791F56FA7FF931FBB05F92FF00D9D61468F7EABED233525A3E39AA2C69A5421E4A7C44770845C1A4ECF05F51C5B252405F3DF52C4D3B3EBFE999AE34700B979547ADCAC5B4C2C61C6521F21C2430B88012426CA9C7B2A4458B67098AC046794C9A2601B407442EAE88A06D13704502921DAEE8950D327BA436F6034382990C20D04A85C836503DB4440C01C2C5774E84D99DD82EAEEB431B2202C16114164DC8A0E4982D3A0B0EE4A8087DD03075E13268202452432404A2502AD840295954386E394ACA486002452483CE501561BE9D521D843914252017D7CA28252AD943DE5CEC814168951C5926E4C009BE09419D21F349031851486688DB414B2B48DFA586C8774F9594A55A2A28DE1C1A2EB2B1ECB177725C7F9435E86B42BC39CDC1C74EE85A0745B0B76B2CB8D8EBCE3BA5264F655E21A9D8DF24103009A3CA78E16F90E4E91CD39F6BE8B7E8C911E486C78717648AF9AAC211A11AC98344BB76BC8B155473440EB8436BAF43DF74280EB7B0C7169DE1CE94BB7500CDBFB45D9FB27A7BBBF435AE96CADF03227369CD944B11936C66F6648F50E9F09F26FF005414F4CA216B035AD7EF7721C2AC1F85726EED03A19E0CAD6B031AD11D0019D4FF00A9496B7F24B675D9E04F8B49E76B5C237BBF6C77C0EE7FD972CBCA5CB8C365C31B96D8D1361818D6B3D4066DC3F9AEEA64E52766F186B66BD1C6E92CB1B4D5964925D9B455F46D8B4E237B5D183E6763D1612C8DAA7D1D31C7BB5D867F30C8E6BC5348FDDEE946AAD1B57CB346906C68AA76DE7BA8C9B2E1251363E0F36012B1ADDFFE4B053E32E2C53CBCBA421F30C658E2010AB576869D98DE0B493FE4B55B3295FA03A41E579776EEC9A8EEC9ECA36168F57255DDF43E2D2B0471BECB81BF64DC9117245AC7BCF228A9691519B674F40D6492012F039F75CB95B4AD1AA4D9BE785ACCC6FF004958464DF63E2D1CE967064DCE039E005D1186A8D2C16E702462FA04EA8188F61BB2DCAA4C949FA163700EAAA286ACB88FAD601064D5F54B1CAE45B4A8CC0B210038EE07AAD29C8C669245D6D790060742A768E59C2D97B4B63A69B2566EE5B3A231E0A917376BC0C5B8F0A1DA0BD97BA0918CDC5BB428534DD05A7A456DDE41D8093C27AF62AF9354301736E47069F759CA75D132957455FDFE9E42AF444B268B58D6BDF73B8014A5B697E2612959A27D398A01236B69ECB38CF94A8C1C6452C6095BEE55B7C4C65292D924D00F28EC07722395D843C9A74CE598E66BB63C10CE175728B568F4B1CA0D761103DAD200BBEC9734C4DA4269343333522561C8E01552CD1AA393378D8F37F247622D4BA12D138367AF45CEB7D1E0795F4D9C7F286D1A35953318E8B6EF1D4F5445B47995C74CCCD3A88E3718E30EF828D366F08427A6CB34FE24D2CA7C6E0E087068EB97D33235CA1B453AC8E2D765F9AFCA239250E8E7FF0007245D491CB778233F521ECFDBD5747F98DC699E878DE0DBB91DFD0689AD0D602001D579F972B7B3DFC51E11A36BB4DE59F49B1D163F72CD9588474C26351185809034335DEA0934525A2DC77A5273669B8AD1735F1B797152D59C5F7E77D8934C491B5FE94463F27563CAFD8A1D69D1D71926863673569019F500BC7145690D0998A73B1A56F1D9E3F99969D18E0D3FEA65077068BE16F7C747CF67C8DB3D0E874B169883827BACDBB318A7D9A5CD690692BF9344D9CDF1A706E90D55DA7156CB4E5E8F3FA3D66A34FA90F88970EC56F3C719477A3D6C18FF00C8853ECF51178EC4D843E5041AC85C8B1CAE8E69785939551C7F15FA8279C11A6C33D974C307FF0051E978FF004D517733804BF50F248C9E574EA08EF9CF1E18F66FF0B8B7CBE511C7BAC32CB56797E679BC61715D9E91B036160DA0E160923E772E694DFE473FC47C44422B692785B2C6E4ACEAF13C09F91F944F3D2DEA252F22BD96F1FC151F49E3F8D2C50516CCEED0971271957F768D3278CE71AB314DE19B64BAA36B68F9168C7078B253A92B45F2D46035E00B1CA88EF68F57FC551E918676C8711BDA5BD56F16BDA319E26BA2086C004FCA398BEDDA31EA34AC8DC5F2658B68646F48C251AECE34CC6B9FE816D3C2EC8B696CC65894F71336A34EE8EE863B2D2134CE5C98A51329C12B531FEC519B06D32B954682281CDA44A6BD80F7C52624AFA21E050FC7540FF40238EC813454D3EA3CE3956C13A468869C401926BDAF3C286869A2E9001968205D10EE5A7FF9D54D0A33BD9227B9AEC107A2969336526742079DC2B0B0944DA323A9A399A464E00ACF45CF34D1B477D9DDD14CE2CDD4D001ABE94B0947E4D1493D32F9581D64019C9A59A7E8AAA32C805E063DB0AE23AF811CEA20071B3DD57F6017F1649EFCA5D8EC56BC9ADD43F8B455743A19AE0D3640A381B4F1EE976074345A8ADB1939E9FECBE97E8FE7DAFB13FF0063E5BEB1F4FF00B72FF231AFC5F7FD9D20E042FA34CF9F6163BB27D8BA3CE7D4DA6B05DDD707D43173859EE7D33338BA3C53C5388ECBE66AB47D42768081D93A2061683D503D86AFAA424438400AEF64C4C53CA64B01FC2097F22921313D0B7D02744D8CD7108686A5F03EF2694D149B149EA9D0A805C47C27489D9379AE51409B44DC52A1DD8CD3EA17DD142B339712F38EAB431B642800754004610525F038525D0690144A40DA20090BA192187A6103FD042435A19A07548A5431A483402E1784E89BA14BD3A1B9E8964A289BBD900CA01B2B91DFDA1525ECE7C93B742FE5331658D03DD4B18CD19CDA18917B1A38CE54B19B74D0F1CACE52291BCEC8982D73B6DB3548A9921BCE3D8A6F450DBF7720809D09AB2C690C702DC37DBD412EC409358D8F4F5B807B49AF84B836C7A576735B2EE9B790081EA38FFE616F54A8CDA4CA9A661A232796007FA417002FB917CFCF454D2E54547A1637534900190F0E435E86BBD8AF601283671F26CF7FBA69EA87B440D008C7A3B75484B62963A39652DF487587007A762A949348A7A2FD1699DAED545A7D3B5CDDF61F27207BFB299C9422E52F44D7C1E8843A2F043B2260D46B32371CD7BFB05C0F264F23F513A31E25DB31CA659BFA9A893CC79E0746FC05714A3F8C51BF1D5AE8ACB4564D9E816949199BFC264313882D2E61364F46AE6CEB91D187FEDBB67523D442C9CCA4BDD6302B3FF0B91C24E3C4EBBE4ECC7A87BE69B73185ACE82ED6D04A2A984E3AD31E0B8EDDEADC790A65BD11C9AD1DBD2787BE5632473C31A7383D171E4CCA2DA487F735491D07E834CC8C97C84BBB92B9D669B7A4114FB3CFC82A47B465A0D2EF4F4983D19CEC6B8D36CF52B4DB424D2D803800E71A26D3AF413CD08E9B0C5B8485DD3B252AAA27FC9C6D68BA490380C01F0A146897962BA13452D3DCE208A3855923AA36C6DCD59BA4D4D30EE0560B1ECD1E918FFF00259A5B74525A2D81DEB1C9214C9686BB34EAA40E663F7552CA11A66F76646C62200BAC9BBB5AB972E88D2677F410E9F57A73E7168681D570E594F1CBF1232CBAA387AD8238B5258DA21A576E39B946D93CAD6CAE199BE68157442A945D183CB14E8ED3E4D3EA21C3407F6032B8D4670629E458D7293D14C6C0D6B8D805BCAA6ED99E2CF1CCAE22BF5524808949A4D634BA3A692E87D36A3F4F458057BA53873EC527C8B2494CAF6B9CDBBE814A8F1548CDEC59BD36434B4F64E3B2387C9C3D4C7AB74B7B9D57D176C1E348DD615E8ED681D2180472B8B8F62B8F2A8F2B4294231E8D6F8A6206DE070562A51F670CE51F66A825923A1264572B3693FE270E4C717D16EA190CF1EEF4D8494A4998C253C6F465FD669F46C2CD81C5DD4F45A7DB9E47767B3854B22B914B357103BA859E02A78E5D0658AC71727D01F17EA1E1C4E3A8B551FC74783E579EEB8E20CC5B039B13704F527854B7B3C9FB7932A73A37C2C034FB5A45D7E5633921638B52568C90E8D8F2E7139B44B235A3EAF0542292E8BA1D2B72A25919AF28CB43EC1C2565A48D31C7807859366915A2E740E74760F451CD266D1D19A385C1FEA3616AE4AB46B29A6A91B9D096C5B9A2C2C14ADD18F6CC5E5BAF76EAF65B725D1D11C49AECBE08C3DD4E34A252AE8E79C1743EA3482C1120FB29865FD193C6BB34E9B4D044CDCFF5BABE5673C929690EBD4519A591A652768016918BA2E31D0CCD4061FDA0A38592D3316A6425E4F75B4121C53E8E74F29DD905DF0BA23131C9871CA5F9766398BA475C44B5CB68D2ECF373FD2E33DA658D6EB1EC1529041C654DE34FA30C1F4DA97E48D9A6D7EA6088B641BCF00A96937A1CFE9572B8F455A99E6D4C1B5E003DD38D459AC7E94A3ECE73DBE49DCDFDDD296A9F23B70F8CB16A88756480D962C9EDD53FB5ED336938C15B3A9E1DA385CCDD2348713C2C6727D1F37E6FD4F239D627A2FD5C3A6D2E9DF232304D295CA4E8E0866C99E69498BF4EECF548F6DB8F4466EE8EBF3F2A7505D23A4F94124F44A2ACF22499CCFD1FEBBC55AD66D6D8EBC05AB971547A9E0F96B141C59A9DE0124731323439A7AB54C9CD2A47AB87EA1892A91CCF18D2C9E1E3CD644E7340E0ABC49CB52D1DFE37998B34F8459E5A6F15D56A5E2E12C671BA977C7C6841767D062827D218B60702ED4CDB8F6B4AE4BF823AFEDC3D9469F4CD3219227FF4FB2D27375C5AD9864F1E32DAE8D058D3EABE1676FA3C99FE2E9156A0B1D0B850242A8DA910D464B67235BA7234E5F1369DD2976639FE552337038FFAB731A1B33985C0DE795D7F6D377132924B4D825899AADCF6168909C347051193869F47164F1F93B89CF735CC34E045775D09A7D1CB24D6982F19409AB456F2466AC2A4383E3D96873648D8C6B46FBE6F909534CA92BDA13EC825153810F2458B1C856BA2569EC2C3B5C2F23DD27B21BA66B89D1B6DAE8DBB8FF792703B57F19FE141544D8E60697020B858041EE932A0EF45B04845804951246F17474B472163F9A3F65CF35A378B4FB3BDA69CD063859E4AE668BADDA3A9138BDADDC687200CAC5A34481334379ACA13B2BA33BDE075EB549A4D8DB2B05ADF503B6F80157E87D92301E2F78DBDAF849E98C9B4461CEC103A8287B19641250DA5B46F07FE111938494A2F689C908E58384D699D0D3CC5C05FEE1CAFB7FA7F9ABC9C4A5EFD9F07E7788FC5CAE1EBD1AD8E3B57A167119BC5631369CE1659D72834777873E3916CF03AC8764CE1585F2599719B47DAE07CA08CAE14385068F42DD264D87758451560DDF08A27950378E88A172039D69A44B90A4A7426EC07DD04B14A61E8805E1024AC280274080D87A6122EE8099344081D0434FBA560A2306FA87CA2C4E28CC2CBDDF3D568CC106892900ED66329365D6B61DA959741A40040C6521D12AF94C018AE5026104744A81049F640D8329909D92FBA07610520B27C203B183494AC74C219EE9595C4133846287EE4E2ACCB34B8E8A40272559CB76380900C05FB2405CC663DD4B6348D7047B88DC143745456CE946D11B3A6160DD9A2424877834709516662F1C01602B4819642E21B838072014E44892EA1B65D7EAEC1251031C8F74965F42877E4FC2D124BA21B7D001B6BBCB2480373835B7B40E49FCA7FD824C8F6BFD0C6BDD246DB2DD9676DF240426BB65A163B2C6F04F1DAD37D83FD1A04717E827D4CDA90266BDAD64279901E48F8C28B7C9452D7CFC0D26CA093240D2F79F2DA496B0743D55F4E907E8E8783F85CDE22E91CFF00E96922003A5E0136303ECB1CD9A38527DB7E838B93A476357AD669636E8FC2A36C71B051939ABEA4F52B8E31791F3CAFFD8EB862515F2738C6F05BE597480FA9CE3936B6524FBD1A34E9516C3A795E7F6B836FB22592315A1C31B93359D196796F94060BB2CEAEF6F6587DDBB4B66FC231E91A659038DB18D899C068E0058A55DBB1D594CCF3E5FEEBEAAE2B6549D235786C326A0B6E9ADE2C959E69280E1D59D4F274B192D6B8C8FF00E172F29BDBD13CB60DCC80892573BCB03F6B4A74E5A5D89B6BA31EA35BE638EC710D3C05B43171EC5C99CF32BA23238024B8E438F0B75152A467CDC5BB2AF3DF29228815563BABE0A264F2393D746A734699A18E209AB21657CDDA3C8CF872395ADA31CBE25B5DB5AD34B58E0B565E1C7283BB2C8355E734E2A8F1DD2963E2CEB7395A46AD33253B9E45349A0565371E8F5BC7524B6690E3B8178BEFEE5675F075712E003596E043AFAF0A3B634A89B0100E4594593B2B9646B286EA2538C5B1DBF45D0441C039DFB54CA55A336F63B8088FF4EEBB294F9761C8E4CD2BE495E2269791CBBA2EB8C524ACE69CEDD22432C9A7FEA18C9278B44A2A7AB3C4F23CCFB7934F67534DA991E1EEF2F648EC371D3A95CD3825AB38737D432793F8CBA2A2F0D79DA49E87E53AB47AFF004DC3382E53D59A6263A4700467B2CE4D23D4734690E0C1B5D18176B3EF698E3B11D216D6D1D794F8DF65A801CEDD66577FC2695745806D9620633F746E2F626EB65FA2DAC782E04BA9464B6B4652D9B9BA9DA76B850583C77B39F263B34B246B9B468FCACDC5AD9E7E4C6AF457242C703B6C7C2A536BB33568C32E8097E1D8E6D6D1CDA3A21E4492A7A28974A58739215C7259D10CDC95498D107B24DC4F28953462FC3C325D08ED3C92CBB9E49EC9A9A8AD178F1430C78A46C834D344D2E78219D16529C5F41931C25B48D2C219C0593D98FDB6FA3768584B8BE46E16536BA2F1E26B603B04E4918BE12DD1D6916CD331C30DDA3D94A8B34822C0D02205AFBB1C296F7B2DDB7454D16EB54D8BA353A690C5B0014B2E2AEC8BA76CCAF6487B2D5491B2CC8CEF8F501D8E168A5025CE2F7611239A0193809527D10F2233921F2DB24760F00AD3A5B429F910C71D9A1F2B9CD16DA23B2CD45238727997FC4CC49EF456A651CB926FF1623DAEE4929A68F5BC7C936AB22069753E5494F607B79208E53942D5A33F2BC4FB8ED68EA46347300F30007D960E528BA3CD960CB8FA905DA6D23BF6B8847DCFD094FC887AB2B3E1A1E1C637B4F64FEED0FF00CB92FE51397AED3CDA46FAC0209C2DF1CE391E8ECC5E4C3269186392191DFD4A07E56EE324B474D7B1B553C436902F6F64A109338FCB8DE369148F131BD8D076FCABFB0EACF97978736FA2DF11D4B8C4D687004E40BE52C71B66B83E9F9652E4913C15F34B286B5C03C8AF64674A2AC8F2B1B8EA5D9ABCE7413BA391E0ED34A17568E35E3CDED2146A66867F35AF0DAE0843A91AC3C6CA9AA4193EAFD5696A37B58ECE1E56B0F1DC95A67B58FE92B25393326ABC5E7D7FAA620B4F41C27F6B8BDB3D5F1FC1C5E36E3D9C39B5B036DAF6BABD97547149ED1EBC33F15B65622D26AD85AD05572C98DD9AAF271C9548BE0D3FE8E2DA0DB3A2CE73FB8EC1E7518D216691AE696EDE55462D6CE0C94CC6D0C1212D18EAB5775B214519FC4E40D8836AB72D30C6DD8A6B8F6793F1180B083C82BD5C33B38F24198E37B987D2485B3499924FA474DEE6EAB631F4C757EF3D57324E16D0B260E48C13C4E8DC4570B78C9347034E2C4BE30987603408AE0A611BB09DA4DF1D85240D6FB00CFB26481EDB6E794264CAC404B4570ABB253A66B8E47B9A5808381F38E00FCACDA35F43BC18DEE69696BDA68822883D94B5F2546499AE07D512163246EA8EBE967361AD1B88C90B9A71F66D1A6777472EEB700183900E4FD964D149FA363C365612C15FE6B272DD1AC5576659030920B4B9DC2A4509436D7AB713D1218C5B4D23681FFCE52686988181C4926CD71D93E900A059F513B914099A6091AC2EDC0DB47EEF6ECBAFC1F265E2E6525D3ED1C1F51F13FCBC5496D746F73C18C107072BEEF1C94D5A3E19A717520B4F991B9A45E1535E8D314B8CACF1DE370EC9C9A5F2BF50870C967DBFD3A5CB19C8918B8933B64ACA8B0855666E229B1D1512ECACA666ED8073CA62AA0DF648602531362D1298823B200614A4A44AC1EC800514C544C8281EC04D2057F2334A4D148707F290EC807A87CA10514D7A9C7DD5B396B44CDA06931D49564040282E2F64BBE114537A203EF4827F40CDA627A1494C9B0A43B182016C349585500B7193CA2C7D840FCA06959601D9495C686E890FA44269B68EC994E9194DB9C5C72B5EB47137C9DB1E87648490C05849822D636C8A48A2E89BD02960BB3A9A58C35B679F75CF924ECD120C8F0E357852932D22891DB701D85490CCFB859FDC1B7CAB2680E706BBDD3D8248A8B8173E37B8D8EA2AAD556AD008F1B36FF6BCE79BB1EC9AD93C48006452592771C16E5BF9476D149319931692622231B6ADA289C67F28714FB0D8EC608A46B5CD6BB01C1B7820F72126EF63E2FB20C5821B9365DCD57F9243EBA3A3E17E0FE744CD4EBDDE5E8838968E1F2FB0F6F75965F2141F18AB97FC0A31727AE8E9CBAA3AA68D369D822D1B3D3B598FC7FBAE3E1C5FDC9BB91DB8A15FC51A74DE12F9611B594D0EC8EF5D1653F2545ECEE8F8FAB2AF14DF086B74F16DCD1B18FBAAC352DC991962E2BA1B4D31898087EE93822B8C2538727FA1C64E813C9B6621E09948BCF444636B5D0E4DB2CDDE6C41A00B1CA55C5D951EB616E9F7C81A1967803BA5CE9132DF674749A490B8C60ED001249C00B9E79155937C51CED535DBF2E200EA0AE883544496ACA4EA2474957E96F53D4ABE09208B496CB07ED6902C13CA9F65EAAC8D1FBCBFD7835EC536FE09B5EC47810B406B6CD269F2173E3A485D4B7CD01AEF49EFEC883E3B1704FD199F132A88CDF2B552657D8525674F41A5800B909040BA1DD7365C92F45E2F1E37722CDE68B4707853474AB23093231A4F26867AA1F566836A1C5E6C9DF494150DBBD3209EC65F55FDBD51C48E8BE0F21EC2FD41AAE2B959CB92751329CF8F424B208C131717E93DD5455F643C892B6235D26ADEC8DF23216BB0E79E1A3ED95718C22F670791F51C70B51DB2AD39648D6E9402CA365C3AA72B4F9B38FC8F36B1728E9B3A51C3287DD4658DE3A61733946A8F9B9CE5276CB3C5758CFD2066CA97805BD918B14B96CEAF0E1CF224CE6E8C79AF6020B584E5CBA27A3E83C89E4707F6DF476A18A2D2973E3D4799BAB0795CB93F2547078BE567E5FC5B2BD71B21D8238E54E355A3E8E0F56CA639AB697343ABA156E26AA48D066120351817CD65471AF63DD1B745A7B8816D67A2C324E9EC8BA34491FE9A073EDA0FC2CD4B9BA25BB39534C5D740DF75D518D0F8FB3569256B9AE321A7740B3C916BA2278FE116C0D9A5BDA450E8A24E31ECE57E3B603AC636510CBE97A3ED36B9239E78A9946BA57B1C3CA6D83D6D698A29F672E4E70DD1977BE6ACEDF95A5288E3E44A11B91B1A5E05020803B52C9D1B78F9E591F292A44FD5D10D94E11F6EF68EF4D7A36C53691F233FAAD603CE56328644BA071674751ABD1B630D8A50E777BE562B1CDBE86A1232E9D924B292680E815CAA2A898FDCB7C968DADD2D0B7E02C5CCD636DE851331AF200B0DC238B68ECC78392D8BA77F9C5C430B7D8A738F1F6639B1A83D1782E38C9A59E8C24AC495EE6D16BA9C3955157D994ED748A9D2492F50A925139A595C7B408BC39BA93FD49485AC6691CF3F2A6BA3A3A7F008D87D325956DF2ED9CD93CAC925B26B3C15E5A763C61251A328E5A76D1E7753A49E09B26DA39016919C5AA3D0F1F2424EDE8D51C91CCCD80552C25171767B29A5D14CF100D25A2DDF0AE32BECD3936CBB4CF3E55483638F0A26B7A39F263E4CAE589C1C3D543D95464814523431AF8034B5E0D850DA9768CA71B77457342FD6B6ACFB2BC5F8BA462F8E3767175BE12227E6401C576C7335AA2FFCB496CA345A397796481CF8C1C1DA9E4CB1AB5A673CBCCC2D760D6E974ED9EA53E5B80B1F29E3C936B42C79F0C8E76B98C3B5DE60781D2F2BA31B7F06FCE15F8F62432C914AD769E4207629CA2A4AA48F2B278D3CD23B923FCC0C73E1DEE3D42E24AAD267ABE2784F1C78B465D4C6C7381693456B093475FDA82F4679B44CD4341BBA571CAE0C706A046C3E5B7630E3DD0E77B64CADBB39FADD39692DDB939A5D18E77B25EC6D1E9D8C87D35E67F851926DBFD1AE3C7F25E6399D1B83985A167CA29F66B2856908CD1C928228923B709BC891C99B3E3C5A9B2A934274F253DA43CFF2AD65E48AC39A1955C1D983C4F4D24F1B4B1945B8AEEB7C33517B66CE0E6A8CBE29E18F8BC3992100D0F5039A5AE1F214B251D13F15C31D9E5753132AD8BD4849FB3CDCD08D5C4CE1CF611938E8785A526727E4BD9D78E48355E1E1D2B5E3501DB6C01B36D7E6D72CA3284F5D13384671B39DAA88C321071EEB784B9238B227074504D80AC820EC805B25D57280A0BA8F06BD90842B8600ACA685A244E0D95BBAC0EA86AD0AFE4D8C319DCE2C0D001A0063D966ECB4902373C3ACFDAD26917197A3A5A79367A8136B9E71BD1D1091DAD1CED1B4B8B8B6BA2E671D9B9DCD2BB732B8F72B9E49A65A62C8DA77A85F5B4169FC1597D13FB4DAA1D8A6C9A69ABE521A210736D1448A210B7A1D029F46F17D4A62A1E117BB739A4F209C24D8D174327A769CF65F4DF45F2F947ECC9ED75FD1F27F5AF0FEDCFEF4569FFC9AF4E73D32BE86ECF0AF6717EA18403BA9787F56C5AE48FAEFA3E6B4A2CF36F03E17848F7994BA95221D14BF2AD19499596D9EAAACCA852DC709A63A004C442909808C260D220431208AEE81841B48682058486B62919CA762685763954886A800D228131C3BF0A5A2ED8E0E459EA90ECCEE7FA9D43AAD68E76EBA202520527EC3F7409B0B71D126521AD21ED939400C1A95871016E53B0A086A5624860122AD0DB6D2B2A97A0522C54103394148707090EC1D4630821EB66799C5EEA174B48AA39724ED81ADAEA9D9090C01FB2403B521A2E81B67A2963A47434F15919C7758CA545A89A657068232B1ED9A2465924701E9E16890DAA3380E7126FED74AFA1762BA62C0EC1C60826D3E362466DFB9CDE6BD969544376C2E39DAE6D3877425ED145C1A6576D8DA0939000A068595375B6342C923DEFF003A4735C09B2381F8E88492D229DD6CB25A2E96A2DA49BDADFDAD1DB3952BD6C34239E0C5B4534870B0063039BEEA92D89BAD235F863A08A6126ADAE9C56E8E1030E75FF77B2CF2726AA1A7F23841C9FE8E86AB5324C5B36B9CF2051118186FC00B9A314B50FF00C9D5A8A2CD242FD44DBE12E11B3D4E3C103DD4E49282A9766CA16D3833D56875EE3A5609181B42C96AF2B2E15CB47A70CD6B68E378A6A86B1C74F0C6F6477871FEEEEBB3063FB6B9C9ECCB2E4E5A2831794431B77D72B4E5CB6CC75D21E0D33F512C8F7B412D1FB8F4F6532C8A092452BB3444C6B4FA9B859C9B7D0DECD4D25B96583DD64D7C850F1BE4918585D7BBAA4D453B13898F5AD31BE36466F758C8EA16D8DF24DB39734B22FE28AA581FA53FD414E22E80B5519AC9D1CD2CAD3DB16370276869C7BA6D7B355975B2D26A32D70A69E429F7687F777433A17173490688B4B923AE3825356868F4EE7B0B88A07A149CE9D1708DE914BA00E96AB230AD4E91BA8B5A37F96035CED95EC173DFA051313A269937750B752695027480E70BB683684BE428B58C7F97BC8A00D296D5D12E6A3D860D1B1D7348EA603C9EE94B2B5F8A3C4F2FCFCD1BE349176AB5BA4823747B773CB6836B92A618A7377E8F9F59F366C8B93D599E3FEA11BC9CE001D15BD747A197C9F4B668963934F1C72189C237DED77F8A8D143836937ECF3B2790D31F5DE1F3F87C7A6D4EC0EF39D67FF5F65309AC8DC1B2394B2D215CF7EBC3E395FE4C6D9034ED345DF09282C5524AD9592308696D9D3D06819A6653F7CA49A1B85868ECB0C995CDFC18A724ECD0CD1BF532B848E644DADA2360C80A6D25A35C7E46483B5221F0A862DCCD33C192B971E10F2B7D9DB8FEA19632DF4731FB2396485F335D2346034D85AEDAE4968F5317D531CDD3D14C6E707D487D8B42A69568F5B1E48CB699BE1634B5CE8C50EC56126FA66BCB9766BD1CF28218280EA5639211EC1A5E8BB56C7BC34193775C29834BD028D18DCD6B3F78B1D96A9B7D1495B1209E273DCD00B4D1AB0AA5092566CA08A9BE24E6921AF0C3C2A7813F46326A3D951639D2F985C5EEEA55DA4B8A3078F96CD2C90C6DDCE209BA0B2693D113C2A454F9461D8C2A51F473AF1E2BA41875EC95DB2375BBA044B0B4AD952F19A34CB24715094B773B3959C62E5FC4160D680190BDD96023B845C97B22509C7698CFF0ED2CA017122FDD0B3E48F438E6CD1E8D9A4D0BE178FD3EA083D012B0C999497E481F9F2AA9A3A1A89B5503C41A97538F42B37892F46FE3E5597F28A31995DA7946EC8EFCABE2A6B476AC94A91B62F10F2DA4471EE2700F4597DADDB670F95965157D884EBA57FF004B511B7774DB74B58E2C7D559E0E5F37C88FE90BFF006EF102E2E76B1A40E70B6FB78FA48E7FFAA66F93437C39CEFDD3907D825F6E238FD5269FE4ACCD23355A3B2D90487A652960523BF1FD47C7CBA9AA1F45E373EE2D96DAE1ECB1C9E3F1E99D2B178F957E0ED9DD66B657C61C06F1D697239C93A6C89782BD1CBF116BF53202D1B4752B68E4AECAC3E3F074CCCC6358315F2A9B6CF422A84748E0EC39351468E497623A676EC3771E7D8AA5154294B5A19F38D843CF96EAEC9286F5B39A595995DAF6B2DAE375C2D3ECB7B41724AE8A745E2513F55E5BE5F2874A5ACB0492B479DE466CB74A276669F41A46C6E043DCE393FB8A88A948F3E51CB9F5C4597C7B4EE1E56923DF21E31412585ADCBA2A3F4DCEFF0092A393AAF0ED56BEDD2967C52D23E4C31F475F8D871E0753DB3847C2DDA69809D9E9BC52ECFF00214D7E2CF5314B14FA46DB8B6B5B14403DBCAC7F2EDB3AA38976833C921033B6FB2518A2D49748CE5C5B1B8B5FBE4160B28E16949BDAD1E7793F52C781B5DB3A3E0423D4691D2988820D3812964854A9ECF9AF2BEA99E6DD3A4689B4FA59010D9361BEA9B4D7A27C6FAA7918A95DAFD9CE9E087CC2D0F3350E5A384ADAE8FA5F0FCACB995E48522A6C704718736C49D51CA4DD3E8F4E3248680FEA1C22076BC9C5F54A4B8ECE5F3BCA9E1C5CE28ED41A5FD1B088CB4E725C7849DBD9F1D3C93CD2B7B670BC4A4334CFC82E0706B95A4156CFABFA4C258F1FE6A8C640FDB260F75A7ED1ECDA7B46B746DD4691D14DB765503D964A4E32E512E3E438E99E1BC4BC127D348E2D617C44D870E297B787CB8CD6DECE29C5396BA39D3785CB6D0186CF017447C88FC98E4F1E833693F47A70256BB79CF3844727DC968870508D3174D1FEAE0949E5B578E014E72FB7247064C2A516CE7CF118642C3D16F19725670C97174CAF918544B443975905022368124E426CA4F541C937CA42A11F9C8E5344BAECBE193716D9F48381D944950CBDE06DB1CA943565FA437E90723A2CA6BD9BC4EC69A62D7376FF006F00AE6923A22FE4ECE83556EC3893C92563389B44EA4B6F659E5629ECB4637FA09C61521DEF421B02E8265844A6B22C7BA54AC4004192DCDB69FEDBA09B0A09712EAE3B04BB0458E616005CDA72DBC6CCF0E4535E8C3CBC11F230B8337C34E8C39B9156BEEF0645922A4BD9F05931B849C5F68E7F8E30BA0BFE563E6E3E58CF53E9999E39D1E2A592890BE5B853A3EBBEE5A2973EFE53A21B06EFC2744D8C02457A010985085BEE9A64B40343A0409D21494E8560F94C964C7740C2084869841450EC0E2114272BD215C47754886576150BF610E3FF00D2544A658C26C7C848BDB2A703B8FCAA3126D28B15363B4296CA4102B8415411D926174C20E79A48698C3E1218C0240F613410306EA450722171EE9D072A17764A744B9041F64A87CBD0C0DF29058B2BB6B138AB64649D2A298F8DD6AD9CA59D1495D047BA05763B1A4F090CD9A78F2A24CA48E8B5A2365DAE772B7469133C93D5E13512E8C724A49C642D54496213BBAFF2ABA24ADE6C104823BA6B43F623BF6D038EEA909D03638D103E2FAA2D74345FB36BDAD94900E706CB7ECA2FDA2D8D1BDD04ED7B76EF6B8385806D26AD509959739BE60702D69CED1C55F0AA93E8726CD1044D7EC7DC64B9C408EC83F2544A55A2B1C39B35D33471F993B1C5E4ED6B00B23DC2C7791D459D6A118A3519A292389DA8788C9686D1C1FF00ED65C649B51D9A45464BB37685874CF333BD3A42DA735D76F1F0B1CAD4D71FF57FC16A0A29F12493B77358CBDA063E0A4A0F6D8F952A2D60DDFBB23BA87A129D8EE69F33731BFCA49EA99557B46880ED2E7879CF200512DE8DB1D2DB1E77421A3635DBB9B26D4C54BD8DB4FA280E04DD9BE7956D0AE8B0194CCD7C528656482395351AA68A4D35A2E91AF6BCC9339B9C8AEEA22D35C62734A2DB69954553CAE739E4DE6DD856FF001548E6FB3172A457344D6FED702EE84271937D99E5E51D25654D796B4BA4383EEADABD2304A6F7219BAD95AE0DDAD75849E24D59E861F2A6AA086D3BE5F33D6EF4917494D46B475464CBC83B49880357F951FD9BC536606EB35E5FB1E703180296EF162AB455CBA34D177362D65D12687C404783B716090A14AD91972A82D9597B6234087D704707DD55391F35E466F272C9D3A406EBC446B607B6FB611F66FD9CB3C191AFCA467D5F88433F89422473236345BBD160BB1416B8F0CA306D6D9C4E0F16D1DEF0D899242DD7EAA78E27071A6801AC6B3A12173CDC57E11445CE6ED9468FC59BE27AB99B16C6431B8B98E70C385F22FA29C9E3BC314E5DB2650DD96788F893F592430C7237F4F0801E5F92F23923D8F65A49429351A75FFC66B1C726AECE449BE5F1BD3EAA201A1AFCB41E8B58CB8E271919FD99F47AEF11F1810CB1323635B1F1B8FF009AF3E18F936D152C728AB48CDA8D5C51E9A49D9337710434B3395A4616E999D48F3724C5ED221F3647BB990BABF0BAD452FE5A45706D722B81AD76A616431F92EDDEA2EB2E77CF70B49528B6DD9872677E58181E2490B3CCEF756BCD536F48EAF1FCB9E192927A2964EE9376D0006E0D054E09767D8E0F2619E37065CC38E68DF1D54B475234B25786D0A146B3CACDC51AC55F65539025FDC3BD2A874456ECC5AAD408C1C1DFD1DD96D08595296A91821D1BE498481D95BCB2A8AA39B8B7D9D78612C606BC90B9252B768D13A2DF2DAEC0E14F26B64B2B9A0F553785519FC846976530E89AC98398C03A972B9656D5366A9DA17C5C0D46A230C8F6B834035C135CA781F18BB66C9271E8EF687C383B4ADDC48C2E0CB9EA5A38F377A2E7E8DB137973DBDA942CAE473F17E84323E2A7B9AE007184F8A9690E381C8AA5F127F894CEFD492F909B0E26DC56D28497E6DD9D78F07D85F8AA4347A37C9FF924C0E8566F2A5D209CD7A45FA7608A66B1CE0187A9CA22F93B3C8FA9A6F1DAB3AD26B626398C8B6971C0016F68F9B719D5B5A1E49630CB97159A1C92949A8F618B14B34B8C15B30EAE57B9A1CC25A4F34B1FBD6F47B5E37D26A5795E8E74A5DB85BC977BF29C65ECF5E1E0E0E3C5C5061D3874CD0E73B6BACBBDA954676F6799F51F121E3C565C3A68D63582390C4C908EDD1613C29FE4BA3A3C2CF3954332D8FE61232567C4F4DC519B501C6B67E2D6B1AF60B448DAD00F9ADDD8AA436FD1128F2466FD3C8D76E639CC1C80B4E69F660F1EA932AD4798786BA472B871FE8EBC5871A5B03B42F93699232091D90B325D316974676E84B5C6DAD767F0B4FBD65266C70DED1BA20037030B15A7A664E3C59678778745A99EDCE31819B0965CEE0A853949A3A30110CE630EDED0795CD35C959E6E5C4BF90DE25A26CF16E68BACA5872B8BA673E397DB9DA38BA48A374D23096B6568B008E576E493493F47D2614A714D98F51E4B276BF610EFEE1785AC3935567367F13B785D3299E5D3863DE2B79E8AE319DD1E3E6F0A38B1BCB995B3B5A18B4EDD38743B6DC2CD1E51FDF67CBCE5C9DD09E33E51D2ECDA0B864D7447369D59E8FD2FC3965CAA6D691C664F269BFF00EDD80070CEEE537053FE47D9CE31AD81A3CC687575CA6DD3A39D644BB36334EC76CE58F69B0EE8B1736ACCFCD9DE2E3F268D66B1E626C1346CDBCEE67255464DC6A2727D3FC2C5197DC8BB68CB2695B245E644C70EFE949647174D9ED277D98E42C14C7B2C8EF85B2BED335E6BA33BE3F4381382AD4B6449D8DA42184B1E77C7541A45A5915ED76425F24D4451E918E960635FBF9B1749C652C8F8CBD1326FA38FACD0375AD11D96C805D8160AEBC799E277E824D4971671359A78BC258F680E748EE4F60BBB1CDF90D3F4724E092D1CB9DAD9835ED7EFF33191907DD74C5B8E9AE8E2CD8ED5A303E3744F2D7616EA4A4AD1C35C45EBCA64F6C5AE9D9318C012E1593DA92B1FF43BDB61C430868C5D62FB24989C6CA47A48278F655D8B66B6B9AE079162B85934D051742FD86DB74A64ACD626F864360815DE8AC248DE2CEBF87BDA0977F72E79A37E491E834A77464BDC47603BAE69A348ECAF50DA762BBE50BA2D35D159DA598148DD8F45649C0215050C09000694AAC3D8B6491B9D44754EA80B0171245970EA9305B2FD0C81A0B0926B22D7D3FD17C8E51FB6FD1F29F5BF1F8645962B4CB3C42312E91DD57BD34A5168F2FC69F199F3FD5B366A1E3DD7CA678F19B47DAE177145242C8D5A149A412D903B3CA285C824E105110098A794C9F629E5306021162A14D055D92D0A5C8A15837A741C8606FA2540885A4A2C6E2D9047EC50D8D4061184B90D411631A011F29595C68A8D59F954CE6490692B1A0D504AC6F5D0AA88EC66D7BA96524887081841CA076107090EF4171C21225B10592990B61DA8B2FB440D458A860DC2563A19ADEA52B1F46692DD26385AC748E49BE4C6AA48943A41416B6CA43A34C4D254B2EACE969A2F4FFBAE79CB66915AA06A64DB80A62ACAE8C323B1CAD9206F4534777269591EC500976D040BEE8FD8362BAC75F94C4C56936084E8766814E05C7CB07FF6EA547469DAA147FE6CB5AF20FED71B053F427F03B9E3C8F2C3002D3B89A00DF1CF64AB765550236F9AE693FB462AD0DF14118DBA66E683A72D749FD3CDB41ACAC1FE7A5B3B618EB5747534BA29352E6CB28019CEEE79FF0055CD3CAA1F8A3A561727FA3BBA7D068E263657303836C80EEA7FD02E19E6C927C51D518E3C4AA3D996778D4B8C8E787459A683C7B12B48AE1AAD9CF3B7BF466606BB2C1B45E6D6ADB5A664B7D0E620F24DB9A5B834A79503C6FB354315868C16F5B3D167291BE3825D9A5EC67E9C46D66D00E7DD649BE56D8DD748C6185A5F6D68038CDDADAD3A12A5D174200FFCB1E7A2897E996927D9A1F0E976BE83C49FDA5BC382CD4A77FA26516BA28D440C8CD4B217822DA1A6C2B84DBE9193C7CBF91C7F204729904925F51785D9CDB55466B1283E4ACD26C47BDA5C41181C959FBA64CF93E82183CC0F78259CA57AA4670F1DDDBE86F24799E747C561BF7A473D7167563C315B4A8789CE05ED6877041F852D2ECD12A65D13BFA4D6C7826C927AA892DDB3A17E8C8F1302D746D6B8B8FA89C57D96AB8F4C6D334C7116B9A5EE73C5DE4F459B95F43A334BE231878698E4F2C1A34B48E07577B3872E45CAA499A62707C45CD6E1E00682391F2B392A74CCA5895DA31EB04BA781ED8D8D73B8DA45D7DD6D8F8CDA6CCD4553696CCF0E9CEAE370918C6BC8BCE2D6929FDB76998CFC68CD5B5B2ED54AF974F144E6821940B5A6C15108A8C9C91C73F123755630918D8C35B17F509DB7DBE12A6DDB62C9E3C63B668FD26AE1188CB58397562967F731CBD9CCE78E0E99748E84CC0B1AF6060C9BE5CA12956FD953716BFED995BE230B9FB246F985DE963493CAD5E09256B46DF6B2455C95A3A0FF00A6BC67F4DB9818F7B407181A72DBE95DFA94967C2D9E7B9F195C517E9BC07C6E38F7FE8C455821CE049F80B39E4C4F57665FC9D7473A4DD1EB1C7545CD92F69DBD152DC6A3D1D31F1D4924D68206F2D364B7B947435E1635FC4D6CF5E586ABF958BD7676F8D89E19728766C8444683A40D2B1972F48F72326F669976888964964ACE377B46B12800BDC49147A92AEE81CBF63BF4AC90DF2D1D52591A1DA46690BA2D4E9D90BA9AE24383872B48A528B7232C93A6AF48D45EEB21C73D805952F455A2F8A19A51E889C4FB050E515EC9E40311DC0B83811C8A4F92F45C64968B98C180073D5437F236FE0E868F491C92B43223248338E8B09CE55D8B938EDBD1E80C2ED331A5D131CCE2DA783F0B9AD7B39DCB93D18F51A988BEB691EEAE9C968231657ACD447A9D2B63A69737AF54A2A51766D897195B394C8C35E0B5807D974395F6764E49ADB36471827D47958B91C4D7C03511ED209FDADE1384AC9ABD19C80E783FDC38AC52D1371329F8F19AA92D1744D737F773DD449F2D99C7C7863FE0A8D1E43E6CB41A1CDACF9289ABCB1C7DB29D469F6F3F95719D978F3A9331BA30DB91D6E23A2D53BFC4DDC23934C9976D718F23A1475AB25E2872E5ECE9C0C89F082E1B1F5C12B9E6E49E8DD4E28CD26C6BC86D52D15B412E2C6DC3617065ED3452ADD19706CBE66C6F8D8F6E3190A22DA74CC1AE2E8A74CF8A293711B8F65534E48AB7D234CE5F3B6D8D15D9671A8F6563515D9CC9E2731C70E19E574C6499524A3EC58768716BA4A0734E4E57DA434D36346DDAE3B2F6938A49BBEC4D11E5D11B03D5D47742A918E4C36B68E8C3A96BE120E2C755CF2834CF3960FCE99CCD5471B1DE681EB22AC15D30937F8FA3B3C794A32E0CE33986573DF2102CE17627C6923D64BE0A5DA569BDC0D57CDAB59198E7C70C8B8C96995466489D5139CD2D56E9ED9E7FFD37C74B8F13ABA3944AD0242E24E49E8572E48B4ED1D58F1C30C54606DD269229352E2E01B796FB15864CB251D16E462D669C43216B0B4E73B4D2DB1CF92B664F129F408F54E0D11136DF71C26F1A6F9070B5B34786FE89F2BC6B8BAC1F4B56797EE24BED8961E1B89D59668F4BA531E9186563F02DB6B963096495CF42B4BF93A3CC6B74B302E91F03D82FA85EAE37AA1FDFC4DFF25FF9045089580061B52E7C5F66EC1268DD1920B73DD3595315FC0345A76898B657D871C5F44649BAB427F91D2D2F8244ED506EED91B867FE173CFCB6A22FB53516CE57D6FF00483B4F1B6682E715C0E485DDE0F9E9F7A4CC714B9B6A5D9F3C7F8748DD1CBB1C58E8DD6E6B8D2F71674E6AFD913C49C5A4CC7AB73B51134BB6B8814D70E4ADA1507A3CBCD8AB68E7BDAE6BB6B86D23A2DD34D68E697603C5809857B63472BE2735F17A5ED76E0E0934A5A638CF8B4D0BBB717124924D9F74EA8569A2116DC145EC5EA90F09232034FC85320DA45EE9090DE702B95341166DD238B998E02C66B674C1FB3ABA694341DA3A2E692378ABD9DDD04A5D1B4975AE792344D1AA668347AA9B65C5D99F69DDE94D57B29ED018D2D26CD1EC87FA06BE438001BAFF00340F62EC02C93CA2FD090F03F6CB4FFDA50D14F682FA6CC1C2FB2ECF0737D9CAA670FD4307DFC2E25CD71731CD3D42FB98352567C345B8CB678EF198CB3524D617CE7D421C729F67E0E4E58D1CE357D5709DFAF621169912D81A10D892635243F40BAB4C5D0A5D9CD274206EF845036C84F640BB11EA90A48AB954455F6386E7AA43512C680A5B374A8B2B9520404040ED049149509B0027701CE550AD959FDC71D53660A9109E1141740714D225B141AC04C8B18392A2AC80A281361E521F61E39481B26100D85BCA18263938EEA4A6C229008702CFB245463EC49DC1ADDA2D38AB33CB2AD14478B2AD9CD4361026103D9032D6852C0D7032CACE4CB4ACDEDF447C2C1ECD1231CAEDC4E2D5C74599DD57C85A213FD88413C653268A64EDD15A13D882F8384C0D3139A222CA364FAAE8859C93BB2905EDDE412E0E2303A5213A1EC5DA43A891EC53B0A1A289F3B24707B2E36EE2D71AB1EC7A949C944B8AE5A2FD0426495934B9603E96839254659715C57674E1C5674F47E10355A832EB1D601F4839A0B972793C23C607662F114E5F9747562D0886592589FF00D002F078F85CB2CDC928B5B3A3C8C2B1FF00132BF532B0C95259236B491608F71D56AA1175A38A391C18F111B006ED68E4D774A4B7B2A59391746FDAD236820F5E16725B08CE8BE07466BCC7BF67B0BAF65124FD16F22A35690C6C93765D11E2D6592DAAF64A6689F5F0B3D1B5B91D02CE3864F63E46393504B5DE819E2FA2D94361CDFA0BB580B5AC918C60C7B5A162DDA3784B968BE42C73006381045EEBBB50AD3B65FDB7654ED2EC9035E72462B8A54B25AD028532ED441E500258010E1F2085109F2E983957A324C4F9923B0DACD1007DA96D1E92318BB7B0C02178AA751EA4D744A5C91AC55FA2DF2DB1460DB9E4555D71D94F2E4CD5428A9FE609661B1CCDD6083D952AA5B21A685637CA86DBB1C49C51FE136F9308DA0991D256E06C0A0280EA8A48D2CBC02C037B40DDC59F759F7D0B9D153DB1B371FE99039F6569B64492ED21C963036882390029DB30714FB0CF33F551805AC8DA3A345129460A0FE42A29F46710B4BCE36E382B4E4E8CE71BE8CD246D6B886914B55266328A48EEF85F804BAED232785C3683977F84AE3CBE570938B47979FC9E2DC5A3D843E165DA4943A60D25A43E3DB609AEEB816449D9E6CA5C8F9E49A6974CF95926E6BB796C8E78C345AF594E3349A37C58DC64A55AF93A1E0D3F866874D2EB1CD6F9FA7FFC2D22EDE7AACF2ACB3928FC9E9FD47C894E0B0E28EBD9D9F03F1B6E97431F97107BA4B73E42E25CF79E4AE7CD09726BA47873C725FC91E922D740C821DF2125F237DCFB92B9AFD226DB6792FAB648357E38F26A48E00D680CC59EB9EABB3039286BD9E978BE3F3C6DFBF473FC421D37955A48676BEEC79AEE07C2B84E57F9557E8A87879D3FCCC7034F05FB4F26CAD24FF47743C6D046F78708C6072E4B4BB3AE2DC748D9A27871735DCE28FBF6596455D1A7DC46D88B9BB776CA37766A963257D0D2A66D898C237368B5C08CF0B06DF4CCE4E48C7A96DB4B365DFED23A2DA0EB761962B2C38CBD94E9267B69A6DB25FAAC74579229FF00471F89E4384FFC7CDDAE9FC9DAD2EB6585E3602F711585C72C69FBA3BE515D32788EA2491E37C618E2118A097B2A0D2D18A36BB05EE056CDAE91DA9C7B46ED2F8A374561C1CE04E4B79584F03C9B4653C2F233BBACF11D2B981FA62D91818D276D8CD6467B151971AE6947E17FE4E6C5824F52D338D36B219D84E40E6D38E29459D2B038B1FC365D3EA3FA4D372B9C0124703BA32C65176FA397CAE705C91EA59E13E1CC6B41903B1C97297287C9E14BCCF25B2F641E1710B2D88802CE6CA71C98D3DD19BCDE43F6CF25A863A7D54C06E316FB6DE2826E515B89EDE0CBC31A72ECD31E9A26E5D9F95839C9F4653F2DFA2D2F8D98A16A126CE596694B45435ED1E968BB3CABFB2CD3ED4E5B1FC41A4E9FCC6CB1BAFF00B41CA78D51A62C728CAD986285E63DEE20349E085A36AE8EDE7F06B89D0B48DED69CF2382B29297A1BD956B2663DE767A40C0558E2D7638EBB30B1CF0487BC91781D96CD2F46B29C5AA469818E9488D86AD6726A3B672E5CDC1723A51F83C81A1CE92DBDA966F37C238A5E77C22E6785C0D01CE7923DF0A3EEC9993F2F23E8B4C5044DB045FCDACEDB12C9926EAC57BB4C586C03638210B91553BDB387A97699D310CDA5EDE8576414D2D9E9E18CD46DA334B2381263A07B52D2297B3A60AD81AE74A4798EF5567D90D28F4564527AF45A18010DDC0E6F2A6C88C118F50E0C0770200C585B415F43E36CADAF81F196B9A4BABECA9A92768BB6BA008CBDAE2D1B837A27CA9EC2AC1E569E585FE6C65846083FE611CA716A98B262D518619E0D2E9831AF9A4D45D56D14BA9C3EE6DE8F0733FA86297E2B923645369DC1AFD4EA9ED61E06DD86FB2CE38BD238BC8F33CFC6B71A3A6CD3E9DCE27CA702722CDEE1F65128576CE58FD53CA82A72FF00C9964F079E5F1A02069669C34388279F85AAC98FEDD76CD3FEAB9DC7F27FF83B0341A38262FD4B035A08635D66C1AEEB0949F1A48E4FF37C97D4D9C83AD8BC3B4FAC8B4BAD27553CCE6471BB0636B7924F75D5860AB9497A39B3F939722B9CAD9B741F526927F0385DA90DD5CC4961B200347AAD25785BE28AF1F17F913504E9B31CEEA903DB1C310AB0C6745C139FDC7D1F61E17852C1FCA6DFFC0EC7452B7FAA323858B528FF0013D0716BA396E6868779C36D3ADA6BA2EA4EFF0089516AF674B4FAD84D1649BF6922AC602E79E26B546EF228C7626A3C4439BBE591C00E05F1EC9C3035A48F3A4D5F24723C5342CD7E9DB3CB05C6F345D5923DD75E0CAF14B8A7D149A6E99E1FC73C3B5304AD8A08C1823048747915CE4AF6FC6CF09AE527B673E6C6E6A8E1EAA274AC3372EBA23AAEE84945F13CBCB8DC5D982A81EAB6B31416F07010CA72BF4400DE065162ABD21E763A290B1EE04B7068DA5176AD16E0E126A5E850EA755A75A32BD960E2CA80E8D5A595CC2002696738A66B1951D085D5260F3D96135A3A31B3BDA19B0D1590B965A3651BD9D76383A3B2160EECD1515B8903D3856B63E8A0979712466AAD5A6909ECAD9877AB8431968B7D070A014745264908690E6A3B04FD17EA271240C6ED008EA88AA2251B0E87D4EA5F6BF4DCFF00770A6CF89FA978FF006B33A38BF54E9B63B700B3FAAE3B5CD1EAFD232DAE279A0D072578367D0288DB404AC38886870987454F72A48CDBD15939F857466EC88153201948B8A2C6B526CD1221622C5C7656E684D31348668485A25206DFA2590815B0804F440D46C76B52B345119ACA209EE9595C4CEE393F2B4A382CAECDA744DB09CFCA06D8CD6DA4D825635652186901EC206126C6807DC20298769EC8B0A63EC4AC7C021B4958E8615EC522D20DD7B0403D23348EDCF2B44A91C9376C3DA9064B44082AC6EB4815A2F8C5A865A5A3A3A48FA9E1633745A459A9928552CA28B4607B8827DD6C90EBE4A1EEFCAD1213A2B2E20754E84566D50996451991D8C01C9EC9374528B7D1638381B20D91C91CA9543A6469F6B2861B11A37484E6C6537A40B6CD0C689222DDC445B80750E4ACDBA77ECEBC70F93ADA3610F2D923631ADCB7143F2B9723D5A67527C5D1DFF09F0A97584C9AA0E874FF00DA038124775C19FC88E3D436CDE1CE5BE8BFC7F4F1E974F1FE91F4CBDBB0F37DD478B37924F9F64E6B8AD9E7F50E0197E5EE75D00177C55BECE393659056377A5C705B5C2997E811B9ADDD1FA9D5C1A58374F46CA2E88C638920550CDA1B42E2D765A256E1AE155D94F1F63522899AF0F0F649559BA5716AA9A264BD9669E52E15744755338A469097C9A5B1091DB5E2FADACDCAB68E984B6691090035AD686F1959F3F936BBE8B6563CD1DCC94370034E41ECA62D2FD0AAFB323E77D98E57FA0378EA3EEB4505DA427BD146A3CB86312B83E4E943FCED690B93E3D07DB4B659A03E635D3377B460796EE1C3E7F0A72FE3F8B358C55597318E9280F4B09C0278F850DA4232EAD9B676B9B1BDE4D10412005AE376AACCE5A18467CDBBC93F194B968E7791A95074FAB30CC2B6E2EED12C7C91A298BA9227792DE49BABE3D910FC5532AA32E84F4C4E686B6C752556E48AE2EA8A75D318368634978E3380AF1479F6734A2D4AAC1A6F12639A1BA866D77F8913C0D7F1668A1192EF66B0D63C173656F725C72B26DAD3447DB71FE4698FC3FCC8EA165BCF7FF759BCD4FF00230CAD236F8668FC5BC3CB8E8752C65E5CD39BFB2CB267C193F9A6793971C3B9A3D4E9B53F5145A533EAA2D339AD1663BA3439248F6CF0B99C3149F183670B58DBFC4F33F54F89B3C52305B17E9F551D3648DAF0F6BDA38208E57678F8BEDBF9476F8AB8B706B4CF2FFA7DE46F155C6395DBCEBA3D358D2546FD36AA58236B1AD0E03F6DF4584F1C66ED9CB9FC486495B66D8DBE241DE790EA762CFF000B26B157131E3E2CDFDA4EA8C8C32B0973DE0926EFDD68F8BD23D6C389452AE9173A59750E6BA57B4EDC5F0A14630D23A9ABD8EDD33D83CCD8E2C39C24F227AB21E22C0EF2DAC660990581DBE54B57BF839F3CB845B668D36918E6ED6C8C6CBD8E372CE791ADD68E38B527A2F74462044A7D5DBBA852E5FC4ED49A1B492B226BC48E0C20F0ECE14CE2E5D04937B48B34DA884BCEE693DB3C299E3925A2258E4CA7C421F5308A2EE4572B4C52ECC3378B1F21717A6BA65504F3C54E6BB6BCF0405528465A35E7F62096476CDB2BBCC02499FCFF008963155A899472BB527D983512CAE8DC349B77F4B5BC2314FF0033D7C2ED6C1E1A65D97ACADF7C8C6119B8DFE06B3DAD1DBD1D5B4C4F6D707B11D971CDB5D9CF2B7A674A66E98C5B7CB6B49AE98587277A1479DDD951D3B63F5465AD27B611CDBD332CAE5354CB256B9D06F81FBDED190E160251693A672FD8B748E745AD2CD48F3497802880085D0F126AD230CBE265E35167486B7425A36B72EFED38A58B84EFA3963833C5F1B11EF64CFDB0B8B08E45E14A4E2AD9ABC5287F3449983CB346CFBA22DD958F1BE49990B48203805ADAF47A290435C1C722D1668FFA1B712D70DC450BAEE952128ECB74D280E11C8D043BBFFBA89C7FD48A716B634F14647A2C0F729464FD90D98DEC36E23A7395B26553687D2CE60937070294E1C9518E587354CE8B3C48C8CC3C91F2B0785A38E5E3460F623E57CADCBF1EC85151F45C70AED034CF31CA0BC17B47F6A72499ABC6BD1A75BE26278FCB6C51B05E29B94A307ECD71604D9CE922A76E2D683DCAD14BD1D1CBD14C95BB1B491D95A1A928F652F96412EEDA1D439AB56A2A8D1CF922A7132425DB0B403916AD7E2E89725D33339E1C000FFCAD12AF45C5A4F684B6818E3A8EE9EC9F63C536DBD82C1C94A51BECD63FB61339738994923BF38471F82A97A04BA78CB5CEC6E26F03842C8FA25C55182681C40DE3CE3754EC8A5D119AF5A21625254CBFC2E17323747B5D1806DA5AE363DBE1679E69BB38B37D2FC697703A9A8D5EADDA6A64AD04034E0DCDAC20A1CB68E09FD13072B8368E76B3C466D54459AF68734513B3164755D6AD6A0CDF0FD2F16277D85DFA1934AF3269D92B8E497E1C3E563FF754B52A31C9F46C792569D1C61A0D33E263A289D0D3F8E1A08EC7AAECFBD34EA4ECBC7F4A8E09294559D10E9187600E22B0E5CF49ECF631637C6E6CD9A37399335EEDAF23FB5C69639126A9064EA90DAD2E9DFB9E1B9E5ADE8963FC748882A5A298F4F0C65AF606EF766C7456E727A66539B6A893E984C3B1BFB5A233E260E3602CD54CD7C0C0CC0B682E0057DD34E09A914E5F28E06BB42FDC1F7B0EDA34EE0AEEC795741283EDB3CCCFA53A081ED243B73CB7CDE371C120773478EC57A91C9F75A68E5C9056A8E16B21D8E1232FCB79358E3D976C257A7D9E5644E32A338E70558980F19CDA63DD6C81B66FB22C37F247F380843B4CB586C7C29649A0BA36D7965C45026C7559D3F6688E8E98D343AF256133781D8D13BD428DB9724F474A7676B4E496D7458C8A434A0B4E2B29A652452E19FDC98CA8B05DBAFEC9D80E0E3D82540239FF00DA1A9D00E000CE14FB1F65909D843BDF2BE83E8B9AA4F1B3E6FEB985B4B2213C7A333E8B756697D07958FEE6268F37E9B9B864A6786712D71190415F2AE34E8FAF8CED0A5FF74A86E421794E85B62D12992E363359D11C8144B1B10AC8C28722D43E460C03A22C6A2904D74081DD15BB94C86C15698341D8958B858A1B94EC7C460DF6C2565A44AA405FC06FFF00A40AE88D3EA1F2815999DCBA8755A1C42D26036D2709585163063214B2A287AEAA6CBA06D09D8520E2921502F38098D2181C24524427192818375262B1812784869D8242430DA17667925A33B4124DAD2CE37B1EA921550C39CF2931AEC7032819AE014461672291D267A63B5CB276CD518672E793416B1A45943B1C85681B33BBF72D119FB11E7B2A43140CF281D1631A49C1A1CA96C1265D24F21D2088BEE30700E694A82E5CBD969D68A6D863167D56AF76452F90C6CDCFDA5C1A3A9293748DB1E3D9BDA0492B63D36D780319AAF958374AE67625F07A4D2786EC647E617B411E907F695E764CF6DD16A16A8D32CB369D9E5C2F2D637240C00166A319BB91AA538AA4659A496670F31C5F42C002F0B48C6315A21C6537B14C4C2F0E3FB8F44F93A1387CA10C56EA02EFAA7CB44B83F48D821D918FEA591C8ABFE564E56FA34E328AA0C4E6825B267E0F09493ED071F6CD52F87CB1C31CE185CC3905B9FCACD664DF1B12947D14101C0F25DDABFCD5F4691516B6388DAC8C1C079EEA6DB63493F43FED7821A0600C601F74BB45AD1A7F551B6301CD00136E37C959FDB6D9AE922888033B7D4E6B0F6EAADFF11C20DBD9D08BC1DA017C1B8BCE7D795CEFCA7D48EAFB515B4553E8A7877197AE4FF7172B8E58CBA26ABA17616B4877F9E53BBE896FD14EA3CB12465CCDA5AEB068AB8DD3A648B36B217CED63A56C631FB89A2538E29257566735CB48AE42C73DC5CFB6F41584D5A5A471C93E8C66B52486B1E24C90DAE7D96DB876F4250705AD9579006DC6C20D8DA6ACABE7FEE612F0B1E57754FF005A2C6B6566E6BE4767FB5E3850DC5ED234C18A5824D3937FD8D243BC6E2770BAC214EB44E7F2A38A552D1649A7834AD689E392DDC7A6FEEA54E593F8B27179929AD245B098C33631BE819CF2A25776CEA8E494F6C783C4FCBD46C642FDC71BAF012960E51B6CCE786F65B26BF55E6B9D14E633B68EC35614AC30AA6ACC7FC78B7B4672D9677DEA2799EE0397BC93F0B4E4A3FC51B63F1E11F54017A7977B0798F19AAE51FCD53D1AF08AFE259A9D57EA18D2E81919AA3414C31F07A766735DD15C21A668D8496B5D82FEDC67ECADF56781F5659154AF47B6D267C3DB1C74677D9DF8C0E2C0F8FF0035C325B3C44EFF00679CF1A8A09359E445231A22686B9CDE09F95BE36E2AE8FA7FA54B2CA0E595F7D5990B221B58F73FCCDD8701823B2BB7DA47BB0682E89F1BED9A87035800FF0009724D6D14DAF633CBE495AE78B70E5C307EE92A4A91CD92309F6866B1D5EA707119E6926D7A39E51C78DEB45FA6607B88268B72D00DDACE6EB66F192E37636AA0F35E1E1C45E29284F8AA2E124B4286187F73B8CE155F2E87269F45AC8DD346647E1A288EE5437C1D1C593CA8C65C61B66BD2C4E1097EA1A186CD0BE42C6724DD44E75073749D9C58BC446A75EF8A48CB58D3576BB6583863E499DF8BC78C3D5B3A2ED3B80263236FF2B9D4D7B3AD544C92C534B2B4326DA5BC85AA9462B68BE7AB3B7E1FA5060DC5BFD4EC316B8F2E4FCABD1C39334B9F7A34B5EE89F45B60E33CAC9A5246B16A4ACD11BF7381240693959B546895F63095D1364318DCDE094B8F2AB0703991BE39DEFF0056C78354BA5A704BD9BFF8F16871A5948DC1A1C2BE2D2FB91E8C65E3B5D0F16A2389C18F6F944E2CFF00BA528396D6CE49E093ECECE87F4B23089DC4B8F0B9656991F6E51E8C1AB31375143F68E2CAD60A4E268AD8B16CD4444C25A7A583844AE0FF0023549FB04CC7ECD8C27CDE538B576FA2A292DB3335B3464999FE91FDBD8AD1B8BD451A4A49AA348730B0806DD58A2B3A7662E2BB652F9299BA43743AF2AD2DD230CB9EA5C62601AAF3750D6308209AED4B7FB7C636C95495A674258CE9DFEBA7023969B0B04D486A2A7D990EA8F9E5AC06C62B763F0B4FB7F8DB30CBE4CE0B8C2365D1CEF1EA2C20F18CA9705D1CEFC9F2E5A8C291A5AF078ABBB5938B3D583928A5204B336FF7673809C62CB4B5A4616B9B0BC16B6E4703B9F58216CD392DF4789E52CB89B72E8E9C3A76ED6BC482489D9DCD15F62B39C5D5A39B07D4E525C67D966AF6C7106C02273EB2D736C57BACA1B76C99F93352ED9E63C421D448E3E5C0D39BA8F2DFF3C2F4714A11ED9E860FA8648AFC857C13B4C5E6B5CD2E1BB914AB945DD1EA61F2796A5D9AE389AF89AD61FEA0E4574F958B953B674369ECD11B58F9A9C36018CF40B36DA5A36C7249164F042D25D14978CF60A63393D342934D940DE1D506C71AC87670B4D57E42A5610D7BDC1CE0582FA7F9256969132EF66A9E4D1C5A5B2F2D70C03FEEB38C724A444549BA30B9B03D80ED0E77F883B0452D93921CA34E999A481A45B5B6E1CF1C2D14FE4715F0C49582831ADAF769B01545FBB2A2ADED874F06A24F4C66CF001C12894E0B6CD2D2D97081F10689DCE0E06A88E8A39A97F122538BE82E6873F707B856524E95519B548589A5A482DC729B7660FA34F96F0056E6F5056768CC47C51BEBCF67981BDF9B4D49AFE2E8B86570DD1CC96366A5F29606470C62831DFB895D516E095F6673C8E72385E25E19A7FF00B9891AE73CD34FA8ED6EE1FEA17761F227F6F899C7BE8F3BE2B130C8F635C36BA42036B231927FF9D17A1824E93387C98D4A8E0B9A45823FE5772670D20B5B6D34050E526CA4AC038A4C430C8F84812646F41C0430D17EDA230A2C11AE17172CA48DE277343FD3735C482485C93566F0933BBA37DE2973CB46E9964DFCA10F66671AC04C6C66F18E50C37EC4F50BE8100C0C653ACF1D11631C807840122B276FE17778191E3CF168E0FA8E3FB9859AD8D12E9DD1BB95F750DC4F89849C276788F15D1BA1D4BF18B5F2BE6C7EDE568FB6F0E5F771A66111E572723B540B04384B90FED90460239071482401C2427FA01C94D13644024C3B6F295954216E53B12820B40C2195A4138490368AC8CAB218437AA43A051098500E502482D61247CA2C3819F6FA8FCAD1B3912183694D8F886C0EA81BA44DC1142B0EE27D9143D8B7EE8A04106FA200600F7A48B4AB61DA494AC612CBB4592C60C1D926C745818005363E348CDA970BA0B5823932BBD2119C709B32A181400EDF6E12B043B4048A66BD330B88ECB393A2A31B36CBE98B0573ADB34AF8308968D1CFBAD78969B45733CB8DD2A8A094ACCEEA3ECB4466CADDCFB2A404C77281A2C8E42D06BAE3214B565375D03D22F04DF4B4F6C5DF60F2C9CE11668A0A4F41258C237090B8722852126FA3AAA31EFB3BDF4E69BCF7191B03DAC1C90ECFFF004B87CB9F054D970936FF0015A3BA7CC11EC73E67443FB437AF6B5C3ABB5D9B46EE8466EB7D971B3963A816FDC26EB474548AE7D418FCC91AEABE7CBC11F8551872A437ADB2AD34C750FBF30EDFF09146D54E3C17424D48EA693CB0185F102477AB0B9725EE995F897CAE81E6980027EC544549761482F858EAF24B4B80C918BFCA149AFE4292D08E61DBFD393CB6F50E3FE89A6BDAB309492D3D0350DD36998D7090124649C653839CDD515087B2B8A9C376EB6560D272D68BBA164DCE6FF4CD109AA5D834DEC58DE68804591FDE370BF854D1A40936BFF4AF6B648DCE7800D814128E1E6B4F46AE491D5F0BF18983448D76F69E016E415CB9BC58F4C6EA43EA35A67049702783FEC9431711CA75A39EF1B9CE2EC876083D02E84FD19F269E877EE91A771045512E3780A56983BF623E3D39173306E1C395294FFD266DA6673196B886BC3481C1BFC2D39593C6C7686D004BBB8EA07CFF002A5871BEC430C733447AAD3B80693B1E1FFBFB58FCFE557371DC194A09746F83470ED8CD5C60D0B3631DFD973CB2CB7F263387FA8D70699F4F85AF259B43FCB655BB39FB642894AFF2AD9E1FD4D28A8CE457AAD1C9E6580EA2013E60C8447224B665E27990E3C5A306AA36C736D61AC7016F09392B67A9E34E525B04319DC0866E70E003CA7291D9ECD1A9789A5DC630D07AF526BA2CE0B8AAB2E4935A467D1C84EB00B8DCC0719B2AE71FC3F63A518ECEAEB846298E8EDD4680EFD17362BEC8BE4735EC8E3B7CA401D42E84DBD2309A9AE8A0471CF246C80EEAB26BD82D2E514DC8F33EA1925F6BF2458E63A2DDE53CB4D55FB284D4BB47838F1246685F131A0021C5DFD8D0371F70B592933E8BC2C7C1A94FB3A003434F3900D00B9DD9EDA74331E065E00C5124DE126BE05CC612C619B00CD9033780938B6ECE4CFE563C68AE400818DEE70EA301523C5C995E692B7A30EA657C5A8698DBB40C5B42DE11528ECEAC181415B3A5A3F3F533B5A1E5B19C9BC96AE7C9C611FD9AF93E4CF146A1B63C9A88DB2BA2D4076F6BEB7068B23A12A541B5CA257859DF938B8C9EFD95C5E2ED8DCD8DED25CCA6869269A070AE7E3B9FE5654BE9EBFD0C33EBDEEA7C921E7D38531C296923B71E051546D87C386A643299A22E19F4B68DAC659F82E344F91E43C2B42F8869758DD41F2DE638874030EBEAAB165C6D6D6C5E2792B2AA7D98A1D2CD0EACB9B641E41E56B2C919468EE6D491DBD0366921A25C1D9C9E8B8B2B8A6733C31B34864A5DB1E06E1D470B36E3DA29257A1A5888F5896B69F535252BD51716AA83E7099B92EA3D6AAFE52E1C4BE9598E7D1B5D2EF8EC5F50B68E56953348E45ECE8E9DCEF2DA0D2E79A566EF8B24AD64A29F447B222DC7A25CA31ECA273E4C0FB25AD02EC74571FCA470669463726734076A5AD7C6F7C8E009E4900F60BA6D434D51F31E479FE42CBCF1691B342F9591C8D6B0349EA41FCAC7228B69B3B7C6FA8CF2BFFBBA34B8BA2FDFD3973720959D27D1EA432C66E931B482296190C9B8B9DC1EA129B945AA35949A74653B6378686BF711FB836C05AEDAB149C9C41FB8163ADC4F18C9F8A457B472B85ECE649FD47B0B18E6873A8773EEBA5693B65CD38516CC6602A2C16E6DE7155D94C78FB3CDCDE664C327C968A98750250E0D8CB8E2C75F8B56D468C3C39CFCCC8E3D25D9D1804D41E5BDC16D60762B9E4E3D1F418E0A023AD81D97EEFF00D8F09AD9B5D9CFF139E4748E8E376582B7B05872E8C508ADB1A925B387A5F167C9E26DD0B9F7248ED8D7B2DD47E0703DC2EF7E2C787DC7D23C3FA87989BFB7C747D0FC37C2240C6E9E0F1A64E5A2DEDB69ABE82AF2BCD9B6F6951F359211E56919FEA06C3A41269B5314EE6B85EE638D3FDAFAACA187229728B47663CD8F8716B657E1DA2D1E8FC3592E89B465F567A9E336B2CD97264C9591F474E3CC9CD26909348C15E6377118CF4EE9C62FD1E9465BD32A749159FF0010E40C2B4A476432C97654D63A4B7562F03D9536968E953BE89346C6E5A4B063713C04464DF668ADB35E9751169A62E601231DD8558E87FE165920E6ABA35526E35D30CFE244C6F6471C76EBAB094702B4DB2B8A93D9CD803C8779F1822B047FB2E8952FE2CB718C7F89BB4FA681B1F94F31C61DEA6B88BAF821632C926ED6CC725BDA04D008DE767A855878E08429DF610EB6659835F8276924D80385AC5B43E8903FCA9008DC5BB782892E4B626EFD16EA2774F35C8F21D583B41CFF00B15308282D0A31E3A2B8E3DA242F68A02D8EAC5DF5F6E55377D1A4A0A4B4C3139BBCB83801D47749DD51CD25476F5120D4786B4B21DDB083B87202E58DA95339251E13D9C67B5AFC0C5AE94DA1B4E8E4EA0BB4DAA1A86B1A5E5A585AF6D85D90A9C7891673E59582194077F51E3B5E79E3ECB78C5DAF82A2D2748F29ADD46A359169D93E98B0E95AF0E99ADC496EB6D826810496DF6DB7C59F5F1AC70FE2FB329E394A7CA5B38FACD3B991896C38076D24775D30926E8F2F3438BB5D18C8B2B5E8C92271C7E50524367D921C5B448DC03B209A435A24D04971272428D21F668D3380241CACE6690675B42FF58A5CD3D1D30D9E93498AC836B965B364FD17CB8CF27BA9894521ADB3B8D2A04DFA2B7FA4E0D263B16C9344828A1D90F62500302D684869592376D9411DD690971926659A171713A5000252005F7DE34F9E34CFCFFC88F0C8D1CDF1ED0892DE02F23EAF8BFD691F4BF48F2171E2798934C6371C2F014ECFA18C8AC81499A5A297502AD1932BBA55464EC9940530B4524D96A23D80914DA1492826D8A79544828202AC03DD305FB18115848B21A40B4294C1B035DEA1F28A27919B71DC7E56AD1C8BB097594A8D18B7D93228601C784B43511B664594AC6D0ED8D4D8D22C6C6294F21D58DB401D11763AA20AE394856427E101600ECF529D0AC2F77A7842429CF4632373C95AF48E296D8C452097D8C28A4C7430480B6316527A28E8E95B8C2C323348A26A5C46144159A23038E56E0C47134A909BD153AE95227D158249E55016816391F750524000D9AFB84EC548571CD029A0A63B985ED00902BAD64A49D1D78E1A0E9207EAF52182C0BC9289CD638D9A47F2747D0B45047A4D2B7CA1FB464D5E57CFE49BC92D9DAA115D18669A41213760E6BA7E16D18AA2E31B1627EF8DCF24092C937545392A75E8D53AECACF964815EAAC83C055F919CF245766ED241131CC3298B693FD8092D1EFDFECB19CE4FA39A59537FA3439D1B1CE03686938B1640F95924D99BCBBA43EEDF1ED8DE07DB24774AA9DB46AB23F60959FD36ED91CEEE0B784D3DED0DE62ED1C2D345D9F72B3C926795E6E4A6A48CDABD307EA5CC70B1BBBF0B584EA368F57C7CB58949B0BB4FE530E6DBD00E8929DB25F978A4FB33C6F94C843C37674A5A351AD766CF2C12D324A1DFDE06DE7088D7A1C66BB408A16EA8349A7B8F05C28A6E4E06DF717B36B63823D91BE79006FEE0D18FCAC5CA4EE4919BC8E5D135221F307904EC6E46EEFEE883957E4526EB659249A18E18BCF9FF00A8F25BB768A69F7BB2928646DF15A3E7B27D5BC9C5371705AFECBA3F06D45FFE011C4F161F2B4B4387B5E4A1E5AEDECF421F57C728729AA7F1D9A753E0DE5699AE74FEAE8D6465CE71EC14472B6FA307F545395287FE59CAFD36C76D7C4F63B8F50A2B5737F27A509467FC5D8079B0CACF2C33655EE26EBE51F8C96CE8E3AB36E90C4F90BF54F66DE3B7E1633B4AA08956CCFA8113F56D861ADAEF49772DFBAD20E4A3CA41922AB474BC2A06E9F5D14BA53E6C5A3616B446DA04BB143B50B50E6DC5F2EE47CCFD564E108C5FB67A271D3FE85933F6792F3B8481A71D29DF75CB2835F8A3C88DC9AE3D9E53C5DB09D7CAE85CC2C661B46C7D8FCAEAC56A347D3FD39CBED273ECC51492E999E644E6B2F191616B28C66E99E95FC95CD35D48F711256401609F62AA31F4BA22792318B66189ED8FFA90B5C1E78202DA49BD48E3CBE5CE4AA28BA2D5CED7EE99CEDC6FD44E543C71AFC49C7933AFF495EA36EAA17349735A074181F2AA178DD9D90CADEA4A8A7C2E33A4D6B64610E6F0483DF1FEAB4CD2FB90A6717D4B1F3C0F8F6759CF0490458EAB8D23E6A19249A8D1518E0F39A584EEE4380A34AF94EB67D761828257D98FC53C5678A63169B6E47A9CECFE16D87C78C97291AE59CD528A174A3C4B5EF6F94D8EB01D4381DCA73FB3897E464D4DBB6760E9A6D3C54646C84F61602E3FB919BEA8E5CDE2CB23552120D338CBBE591FC74343F0AA59155243878318EE4EC79628E33B5A059C00A6326F674B6A2B462D5EA353A58E4F2B735E381C2DB1C2191AB39B22E68CBA4D6EA0364D56AA204B782E3C0F75ACF1435083392117865F712E8F61F4F68FC3FC5A28F5DAD6580EAF25A6995D1C6B2570CE4FC76E1663E679D9D4B862749FC765BAF8F47BCFE9628A189A4B0B9A2C38827D442C3EE4DBD9AF819F3C5FE726EFE4E637550E83511B0CCD7179FEDE4FBAD5E39658B75D1EAE584B346D9EAF48E1AB8689B232091CAF2A69E3679B8E4F14E8CD23206B76796E32DD17BB81F016AA527BBD1EB466DECA180B5FFD371C763CAB6ED6CD10D20905B8026F8B292AE81574207035B8F23361557C1754CD0D6B04449759046D247F1D945BF82E5420733D26F27A22990ED6C207BF28B0E607D6FDD1BBF6E3FF00E64FF4C6A5F266699DEE779E1807B0A0B49715FC49C918CA3436F742EDADDA1A7143014D296D9E2E7F0D3DA66DD2E977B439D6C7714D75AC6792B48E2789D7E42EAA174760B88B38042709291EA7871B5C4A98CA69DA490A9CAFB3D1AAECADC0B5CE7F9B206F3B0019569DEA8DE11B5446F9637371BBB0CE527CBB39E7A651396EE6B5C5A371A16E0CBFFF006E8B5C69B7A38FC9CD1589B4E9966A869046C22621CC36D69A76EF62B48C5AECF9DC597C8F21BC525C97FF0037650FD48925F31D449E36F0D1D9269BD1F45E178CBC68705DBECB22D5C8E639AC68CF008EAB296249DB3AF8D3D98F5926A43ECD59FF000F056D8E30A2E59230568D2C8ED8D6B9A70DB240E02CDBDB67991F2324E7DDA393AFF098B53BCF97255D530D39C3DC8CAEBC5E4CA15B3B978D8E7FCD16F972F866A74DA98F4F136385800DCCA691D2EBAE39EAB45E4FDF5C26ECC337D370E58B4B4CF6BE15F53785F89C6E678A0FD34D1FAB11EE8B6F421D448FBAE770944F0FC8FA4E7C4EE1F92376A34FE11E37113E1BE23A5748D1837609F7294B1DBA7A6703C79313B923CFCBA62C0F648017B490E2D6F27E7AAE39371951EBF8D3E4ACE64F196B0B806FC755B4656E8F4E1273D4989A1D60824DDA88B734E0B6E88559317255166F14D32FD4CB1870600FBBE79F85108BAB3AB1A6D72031B9DCC0D03B21BF4CAB23A1B05C49C7E50A5E8562B2711B1C0B0B8D73D53706D8D2B2B3A92F200FDBCD7655C28BD9B5FA82F8DAD2D01A28823938A58A8509FC99641E6BEDEFAA18A0B45F8AD06A84640E98546D1E68C0738D2A7351EFA2A37540769752DB69D34A09AF5066EAF7B42C907BE486B8AEC0E696EE1235E1C3A555FD934D3E8CA54FA35F83F86CDE31AA30E9DEC0F8D97B5C2B70BE529CF857ECE7CD93ED46D97EA4EB740E93473796D20D1DBD7EEB2E106ED11192C894CCEF8F78B26C8EA9A9512D6F4512687CE0039BFD377A5EE23A775AC32510E9F679ED56923D2BCC9244E340D66CB48E1DF63D3B12BD0C795CF5652A8ECE468F5738F166C32B227C3A8261D48D45B181AF6D3AC80768AC870048A1D977718C63C97AEABF460A6F25E39F4CF3D25BAA1899A67484795B62F5135807BD9FE7185DCBE76466C7171F5671F69638B5DC85D177B3CB44AC60D04157F01EB9050355EC1C38201A48D1193B3D966FB0A2D8867952CB8A475B47582B9A674C28F41E1CF181925724F46A8DD2FD8A85453B2870F75A763011631C2280AF6592782980BB0171CA2C71208EF8E89595FD0C1AE6387E135B2267474E096873B0480BECBE95939E147C47D4F1F1CCCD5A8884DA7EE42E9F331F3C6D0FE9D9784D23CE6AF4D778E17C54FF0019347D963936ACE16AE17309A0B48B374ECC81B7CAD2C6120045852075410ED1289E4E5009103328B0E21DA3A651635115C134C5C50A6AB34981593D9325BA0D9E5142E5602E4512D809F64C44683B87CA2C4A2FD994B3D4E27BAD6C8A1D8DEC9363A1C314D8A8B5AD03952D943D03C29060BA3D902B1B78AEA9531F215CF3D027426EC5C93CAA250ED65A96C6A365AD8C296CAE1455A821A0F2AA3B32CAE8CB1F2B567258C4E4A41D8EC086011C84865F1E33D14B608DB03BD361613368AB29D4BC9349C1175F05041AE16826995BF015213D153CF7548046A6C696C6BF748AA7EC85C4718F84D225918D279AFBA4D9708D9B74B1192301F4D00E0F2B29CA9E8ED82696CF43E19A36B087006EBF75567D979F9B2B7A35B491BE7796345971030B9E29317DDAE8C6D95923F6ECB3DC9A5B38B4AEC9FF002789D1D247A62CFEC7BBA9E573E494ECC259F249EFA24B0C41BB40DB59C7011194BB2FEE519190322B0E94068CB2EC5FB2D5CDCBA43B8BD1BB4F20DA6CD870AA22EFD9632895054EEC58CB616ECB26BB8AA4DDCB626891C9113BA664AE1C001D4938C96950D2D1BFC3017BA9B7447079A5866D2D9E5F9EE97129D697453C8FA0D009F575578EA5148EBC5179312832887565C059F4F4BE0AD258E8E2C9E2E4C4FF001768B5D0B65048F4BC0E6F950A4E23C79E49D5D11AD21BEBBC761CA1B4FA3D2C73FB9AF607B180170DDFFEBC269BE8BACA9D32873099096BC35BCE4F3EC15A7ADA1C23394AFA1219049A86C2E686B4FF00FC493F6B47BABE1ABB34F233CF0C6F1C7933B9A5FA7759FA966A1CEF0F635AE0E077124D717409597F91892AD9F3DE4FD4B265B5F3FF00CECF53A685FA4D206D375131CC92B5A7767B0375F16B8E725296B48F3FEF5BD8B2324612E10CB473BA51E58F8BE895A34534CF39E2DE2A75B5A56318031D4499379BF65B431F1FC99EDF87E3C2159B95FF00401A09656D35D1173460581FFDA8FB8933A17D4A37B898359A3D469C1F3E1976F036B7016F09C65D33AE1E6E27B4CE63230C79F29E580F36095D0E56B66CB2425ECB9BAB9C40D822713520943C1A3B80A03F0A782BE4CE0CFE243264FB93DEAA8EB0F17D547A19619B4CE0D9DBB776ECEEEF55CAC1E284A5A7D1C11FA5A8E4E719696FFF008CAFC3BC2BC467B7374723A200836435C4F60D2554E50F4F676E5FA8F8D85F172B7FADA1DBE03E2104A0B345206D17D3C8C6320E5279A2D53612FA9F8CD7F3FF009324FA395CC66A1917991D6ED918E9DFBA70C893E0DEC9C1F52F1B33704E9FEF455A6D035DB6599EE6C6FB2DDA3A2A9E66BF15D9C7E57D5B84FEDE157FB297B1AD9FCB6B775FED75629526DAB67A38B3F2C7CE4FAECBE5D3432C422A22EB2073F7ECA164945F2387FC89C67CEECE6C51084B8463839CF042E994B976777DE59A3A3A17BA3DD64EE6DAE7E9D1E1BC2A19297A66460F2F4EE110D8E7757668AD5EE5B3E8304BD9569746E2EF3A6DD238F162BF8573CA97E31D1D6A514EE5B3A91CD230B2388089833E9C7C9F95CAE09EDECC24EDD9D582563620C07D7C02EE085CB28B6ECCA52AEC94283E316EE680EBDD1BE987DD925A2B99AF7C8E907EF60F480DC93C590AE2D255E989E48B303B4265A32921D7B89FF75B2CDC7A2E314D0FABF0E66AE26C25CD632EC9ABDE3B5250CEF1BE48CB2C6D535A3ADA3F06819A07C4CF376B9A40FEB168A3FE4B932795273E4EBFF07999548E46BDBA6F0ED446CD319666801B283917DC15DB8DCB346E5A3B7C2C79256E4A914EA228750639985CC7B48ADC9C25285C59E9C1F154CF45E05AB10C6C2E7D9EBBBA2F3FC9C7C9D2470E785CED1B64D5C734AE92290C6580DD8A1F958C71B8AA6AECDB1C5A5B456C7069DD83FDD8360A6D5E8DBBEC3A9D6C9140486090D5817D7E110C4A52EE8DB14534CE645AF7BABCD6B4E7FB411F75D32C297468A96A8E9DB9AE2D3B801D32B9BD18CA6BA2D646F932DC8F952E4976676210E049343F845A344D50CD936381A0EEE31450D590DE8B35323256FF0049BB5DD54C22E2F66664C31D4E7024656BDAD13277D9AF4DE21B585BB7AE08594F0DBB3872606DE8B757A96CCCA782D938682294C20E2F5D17E3C678A56BA34CCD824D0B1DA76ED786E6BA9516D4E99D5172B767373B4D8143AADC52CCE349331EB6200905A4383AF73717F0B6C72FD9CF920A7B6CCE656B4B5F20692DCFA870B4E2DE90A1878EC86512EA1CE1B1A3821BDD2E3C6346F0824CAA1329D4BADADF2837F752B971E3FB3AA4946366FF00304B37EC6B233C866003EDD96154BBD9CB2CABE4D11699BB07AC3EBA820D2CE591DF47273E7B8B397E7F9D2B99B835F1B88BE38E2C2EAE1C55FC9D5E242DB6CDF2CAF6C4E732200B07A88E3E6C2C145374D9E8421BA63C3AD76A34CF63C339DAE69CE3A1AECA65894249A0963F6637E99A1B509009682EA0289EB5ECB6E7F243EACA21D1C05E4B9AE21DC869572CB3A25BB54D58D147A9F0F73DD0EA64746EAFE948E2EC7B224E1997E4B7F271CBC58C7F282A3769C99A16BDCCC3973CEA2E9323F8BFC90BE21A42F7C6E68C92014F164AB4CE88C8ADCD85A407BCF9BD1B5FEAA9393E968E9C6A4D58F1B4B880D67A9DC068E7FE5266D77B60756ECBADBF285D05D927630DEC0E0D07049FF44E2DFB01445BDE1C18411CB9A11CA9558EAC3E5BB2EC380A06B3F945AE86D38E996424B1E4ED01C4F6532DA17F65BB6293521D280D379DB8B537251A409FC154D1B9B29F21EE68FEDA241551926BF21B968CAE64B234C85C49383593F75AA715A21A7D12089F04A2581CFC58B61C8BEE1129292E3225C7E4D3A789B23CB9EFDC0E0E737DFF00859C9B4B48538F11E56B619C31AEDED1835CA94DC95BD185D964DAB7B9A630D0611C34F5F9EE8504BA667C7E4F3FE21A30E71770ECD8BE576E2CB5A2546CE53FC21F2C4F7B1E5CD0DDBB01C85D6BC95174C6B1A4ECF35ADD56974DA3D3E93CE8C6A74DB9ACDBA72D7805DB80738734EBA2723715EAE3FB991F3AD3FD8B32C514D27B6717C4C34CAD9230F0DA03D557815D175637AA3C9CB14A5A32117456842FD1100420925053D96442D4C828D0CC159B2923A7A436B9E66F17F0777C38FA875A5CB911BA3B0E0D2DF51A3DAD6514366675572AC68ADCE68EC9D95E84DD68409D13700728A181AEB38E50C6A8D30E5E03C52429D568D72B836301B5409E17D47D0A570713E47EB315CED16E9A6B8F6BBAF75F40E168F1B14F8CACE6EAC54842F8DFA960FB790FB4F0B2B9C11CDD5C01FD179C9D1E82671751A72C3C2DE33344CCC79E1680419409A180EE914A230A02923454434813922B90E0D2A48C9B2ADB672AAE8CC0E1EC9A150A412992E240DA4AC12A1A87441446F23E501B28756E3F2ACC6D04392A0B08368A06124D76482C76949A0BA066F0810C187AA56524306D22C75A1F6814A6C7C576582BFF00B4869D01CFFB228392473F532EE7900E17442348E1CD352743443D194A4F6425A21AB4004205FB19A7281A2F8F229432D6CDF0B69B6B9A5D9AC7467D4369D76B4832BB33BE4242D121B2A7134A910D14B8AA44A54C028A65B6878C53AEAFD94B16D92B73F0DA4FA1D584FA4DDDF60025D9AC60D2B3B3E1BA773E50D70E3AD2E3CD34959A3C8E0BF23D5E998C834E01381D095E5CDB94889667F065D47A9C0869D97CAD21A1C1DED89E211C4D8E1F2C5C84640558A526DDF4692A7D09A313825AC2183FF601564E3DB358627ED1D38F4514C03B53AF0D23FB626D11F95CAF2CA3A8C3FF0026CBC56CAF54CD1E95BB34A750F91C32F95FB8155079326E7497E86F1A8699CC93F53E6B5DA763371E4BEFF85D2B855499849A8AFC4DEC8A4781B981AF2335C5AC1C92E9933CBF08B5DA398B4E1E48ECA5658D92E7EECCFA5D5BF4AEA925CDD6052B9E3593A471F910599ADE8D6E64D2B1D335BE647C024F0565718BE2F4CEBC4B8AA453B0FA83DA30336AEFE0EAD3D5104AC8E31B41000E2EC238B93397C8F1165DAECD306A81DBBDB67A38721652C75D1E564C5970A18907D50CA370F6B3FCE11FA922F17D4A715C27BFF9399247283BDE5EF613D76D7CD00BA538F48F43C6F231C9DFDC77F0E8B087B5DEBDED14085369F47A1176CD9A6F1AD7E8AE3D2CC6485BC32766E03E2B23F2A1E184F725BFD1E7793F4EC599B7552FD075FE2DA8D6B5A35FA6B3760C6F26BE40A35F94A1863077097FE4F3DFD33363FCB1BB17573C7331AC8207697A1745A890B5DFFEAE2538A69DC9DFFB23BFC3F132A95E6AAFE959C47787B99AA1332691BD1CDBE4FBAEB59D38F168ECF2BC7864771D1D7D2EAB53016343DC5DDDBD171CF1C25B305E254766F778C6A9B19B7B9CDEC45AC7FC7836613F1F1C65C5BDB304DE22C0F8DCF67EFCE2EFEEB68E074D267463F1DC7491D0D3E9FF005508974D048F07891CDDAD001E6FAFD966F945D49D1CB9FEA1830371BB6BE0EAC7E1FA376A44304AE33B3D6E909BCFB3714164E6EBAD1E1793E7E6F275274BE11D87BE6F21EE0DF3260CC11E9375FF00CEAB1672AF83C969A57C134C7C46792BF75CAD2F23BFAACD5765D524A697044CA137B395E0FE3EC8BEA4D433512365D04B23896089DBD82853DA4511D307A745DD97C4BF1D36AA4BF7FF00A223F969A3BFA69E0F199F54ED3453321D38680E95F4492738AEDDD79B920F0256F6CE88A589ED18E6D26A06B59A68E095F23BA6287DF85AC1A947959D91F220BD9A3C4F4717814064F12D446D247A21635C0BBDEEB84A1CB33E3046F825FE4BA8AD2EDB3CC89E2D5EADF24525349C01781DD76F09638D347A583C7E12E567558D76C17B76F03193F65CADEC5E4E2A97340958E711B4FAB8F56404E2FE47E3E477B23662642D2E6ED69069A380871D59E82767527900D13846585AEC10080ECFC2E58C7F3D9967C91C3173665D346D8E46C3AB91E43C90D032CC77EDDD744B7F9457FF0093E63CAFA8CF36A3A5FF00B3748D644C14F701B837D0703A1AF6586D8787E6655914252FC7F6542664729631E0D8C9F64706D5B3DC772D59B6311BD80BAB6B85820AC1DA66573C6F4CC1AB9A38A51B6404379B167E16F8E0E4B68EB8E49496C497C41C5A1B23985B7C8C57BAA8E05E889543B29D436173835B2B1D2386E6B4649F8570725DAD10BC871DA39FFF006ED4EB6632C2C93C9182F760639AEEBA7EF431AE327B14FEAB820EA4F6757C1A60431A648D848AA79CAE4F221FA2337D57127C6299D56EA638A4DA648DDBB01BB49BEE572BC6E4AE88C7F56C774D3B123F10DF0FF4A10F81CE3B9E056DF81F29BC14F6F674CBEA9E3C63C9BB198E0F20EE2DB18CD614B55A3B30F9F8A51E519682F3146C2E91E3DB147E309AE52748E95E5293A8B1F4EF1300E2D2458ADD795335C59CB2F271A7DECD9A7D43B4E490E21A47042CA51E45DC66B455AAD630BDC749A9114AF1B6A40D7877C0703FC2D30C650FE51B4619B06392BCADA5FDD1543E272B1819AED1C5AB05C06F840639BFE94BAAE12FD7F679D3F095DF8997FF00656D90C05EC7B9A4EEB02F81F2B9E494B691ECC232504A5B650ED6B1B3B596D797DF06F856B0B71B397C89C22939BA34C4048039BEAC5D8E1652FC74CD20DA45EE925DC1D23CBE8724F0A697A2A90D04EFBF2C6EA2734A6705D8ECDD2B44510631A49007FF000AC53E4ED9CED39CADBA3813CBABD5EAE3669A32C89B6C790EDDBDE7820735C63E57A58F1E38C7F276D9C5E6790B1C97DB92D1DBD27D341CC89DE2DE57EA3FFF00144F21A3A9B3D6A90E4A16A2CE4CBF54CB25C71E8C5E2DE1ED8E78469A36364903C86971B0C02C73DF9EF9571DC5D9962FA8E584EB23B473A37E048D04B36F379BEA2964D7A3E893728E893C7FA880348735A7248163D81088BE0ECCFEDB7B62C301888F2C160EAD1D4FC2729F2ECD238F746A2C31132EC6B8BF16E1817DFBACD3BFC4EAC51A2BDAD318DC1AC6B2DD44ED045FBF2AB77A3AA3277A0361862FEA34BDC09DA48CD7B21CA52D31DDE8BCB6DC5D1820D7A881C7CA8BD53337F0C68E31D0577C24E464C77C64DB4EE0294A956C4BBD061617EA1D2ED8E273E9BE9C36C002F6F426ACFBA79276A8CBC88F054FA3AE2022525D9206E5C5CF5A38A13E5A306BA0923AF31A36BB87775D18E69F47A11DA3186BAFD0DDC42D6D7B3756910798C738963C3A88342B1D6FD93D35D8D49140F35C7608E4BBE40E9FEAAF5DD94DD9A9AC700E2EFDC71959368B5245AC85EE90B18D25C459E2B0A5C955B149DAB66699B231C7636FDC0B0B48D3EC5FD9735D56446D7B88AA70E3DD435FB25F7A2C6D3D85BA81B6B827BA97ADC47EACAD9A67F9523A22EAE2DA68D7B2A7915A4C7197B32F941B218DA5DE60229AEC127DFDD6BCBDBE81BB185C6E7932FAC74239F64BB4B464E4D949FDDE8049E49255FF0066746A60A16EBE164D91455A96B4B6EAEC56395506CCDB6709BA93A69658ADB934410682EE78D4D2905AAA6710FD3B27EA67D698DBA9D1B378712D05A6C55D92383D7D97A31F33F0E0B4F4372C769C8F35E2A637BE76888C4E6B8D34B29D77D73FE6BBF0DA4ADD9C1E5C549B92556727A65751C544007448A4820593410C7A2D84726944988B9B5803952CA474F491DB459C2E79BD9BC5E8EE7860F552E5CA6B176CEACB402C11A2329BF7A5AE8AB2A201765310E0868EE8195BC03C61301584B5E290CA36EF0631C5A925D967FF00C077B397D1FD125DA3E63EB516F6CBE1682C0E1CAFA88BB547CDF2E266F136D00E5E2FD63C7E50E47D17D233FF00A0C31B83C657C8CAD1F46999F5700702138B348B471F53A62C24D2DE33BD1A23371C2D06C032504ECB6855529B17268A4936558FB050EA81710D06847614908EC94D12E815EE98988490999D939474369B1980EE1F28292A32B85BCE3AAD0E6AF8198D27D824D951B45AD6D0EAA6CBA0EDBAEC9589A183424D8D6CB000D2A7B2BF890917D103D32004940A82E069014460C650C6968CBAA980B6B0AD211F6CE5CD952FC51907EF16B6F471A76CD4D14DB59335E80394C4FBB185A4030F84505E8BE2E54B291D067EC5CB2ECD57463D4BBD468AD608BB3315A8AD88E4D015154244EBC207A2C8EDA3182A5EC068AF7E50FA2B1A6E45EC746D9039D19B6E72305434DAA4CECB51ED1E8FC0F4CE95BE6B77341ECBCEF27228FE2CE5CADC9D9D29F4CE79037975775CD1C89183949B119A4905EC2003C8E537917B2BEEFC09369DCD05CE69FB2A8CD3D1B62C9CDD09A60D966FEB87BDA0510794E7715F89D4A728BB96D176A9AD0C020B2C1FE2E8A20DDFE46AFCA6F51323660CD430CCE66D3D1C56DC6E3F89CF37296D9EABC13C1E7F1379318860887F73C171FB00BCFC99630D376CE1CDE4FDB74CF4B17D29A78C8FD5F884A07FFEB8DAD0B0FBF1F68E69798FD232789F85F8144C735F3BE5A1FF00F166751FB0531CD96FF0FF0082A19B2BE91E1F59169CEA0FE9181B003D2CFF009AF4F1CA7C7F37B3D2C3094F72ECB74130D3C9E6386FC1A0719EEA32C79AA3A5469D311CE9A695EE99EDF51C068A549462AA2743E3E8A66D3CAD99BB666B23176CABDDF7E8AE338B5B5B25A69A699A1903991073C34970C1B59B9A6E9069F651340616EEDD4E27869E55C67CB47067F0716674B4CD1FACDCC01CC6D015CD7DD67F6A9E99847E9D083B72E8A9CE68A2F73BD47039FB2B49FA3BFEF420BF26688B4EE731921DEC63AC61AEC7CD8FF759CA693A3A71648CE371326BB503493BE361123C75180B5C50FB91B7A3658BFF00A8C0FF00107E77B18413D42DD615E8BA8AF4743473C7AA696C6DDAEACB5DFE8B0C9070DB339C62F6869FCF00084D1EBB8251E3FEA12827D9AF432CB1C6EB6C7237361EDB1C7216592316FE08718C76CC9235FCB5ED6169C5B6EFE42D62D2F56619F1ACD8DC2EAFE0EDE8BC6348FD4C5A7D54AD6E8DCC734B4B6A363AB07E09B584F0CE9C92D9F2B3FA666C6A4D2EBFF66F7788E82566A59A39DA24371B1DA4DBE6C67A380E6AE967F6F2469C96BF7D1C32BC6F8CD1478278CCDA6D386FD42C91BAB88E246464B6469FEFC75EE169970C252BC0F4FF00F466A7B653F526B5BFAB13E95BA6D5694B41798A4DAE17FE2BE54E1C569A9369FF0046B09372491C232E918E7BE10638E4A22CE415D3C723A52DB47A10F124DDC3469D2EA27D2499983D8E20915609E87E56738C722E8EB97D3F9EE5D9D8FF00FAA4C0E31794F9B77024A03E7DC2C23E2392BB3967F4E77AE8F33E2E25F19F10FD46AA594E034173B7501C05DF864B0438C4F6FC6C58B0E2E091ABC33C3B4FA52E78025205D9F4D7FBAC73679E4D747429E3A6EF668D54E2517431D3E56708713965284D6C0C05D0176E04345E0D9087A7411C6FB4676343AE434CBF9FCAD1BAD1BF349530CAF1A76E9E76CB4E36EA61F5B083591F9E5115C9B8B5FF00E0F23EA1E5492516AE2FFE077F8A99DB0CAC686B8F201DD9E00A47D8E2DA67CF645172FC1DA2B9F51289646C700DC1F97CAF19F700582A9638FB7FF82F1A8A9548D3148F10B9DBB73DC2896FA45AC6495D7A3D7F1BC9C58B6ACA26F139A3236451E45D025BF60AE3E3C65DB3D3E1F7573B3A52374E3C2CCAE7012BDB60B88B07B2E64E7F778AE8B943F1EFA388C797EF6BE42E0317DD76B554D23CDF21C9AFC0F4DF4FCAC9BC3C098C6F70B126FAC1F7FB2E1CF16B26BA3C29394654D8357E31A4D2E8C3748CFD648DF4EC61A634FBBBFD95C3C76E5F9E8718BC9B3C6697F5B3CCE631D6E71068016D1EDD97A73FB5056D1EA7DAE6AA8EE6F943DB46A761BDE4DDFB15C351AFD31470AC72B66D8646C318DEEDF6375026EFD82C64B93D0E5E245BB459E17AB6164A7516C20ED69750681EE52CB8BAE3B08AFB7F8AECD4E73A7634F9521358639944F1FEE164A0E2E8DB0F938A09A9B2F93C6E5F0D91BA7934DB03790F8C3871F909C704A6B523A30E3C59E3C931359E32357112D0D687027FA6C25ADC7619531F1DA96C9CCD788B945EFD1343A5D441AA9240ED2491F97E83BCEFBEC47BFB745ACD2E293ECE2F2BCEFF0032318CB545260F16D6C8F6C70463D437189CD24B6C5F26CF29C1624FB31C39A189371EFE6DFF00C1EA0F84E964D1C8069835F18A008248008BFE2D609B4D8A5E779125FCD9E7BC52585BA9769F4713268D8E0247B48071C007A52D63695C9D597E2F892F2DBA7D7B3569D9B74E1DBC871E976B926EE5547D3E084A38D467B6BD8AF0E0E01C091DCA151D148D3E1B4662E3CB45347759E6EA8E5CD3A691AA68C7953B87A4EDE47F92CA2F69186596A93397A8F1FD533C2F647E1DA5638B033703471D697A70841CAACF325F49C8DFE2ECC27C79),
	(2, 'Томатный суп с рисом', '', 340, 1, 300, _binary ''),
	(3, 'Чихиртма', '', 316, 1, 270, _binary ''),
	(4, 'Лагман', '', 250, 1, 260, _binary ''),
	(5, 'Борщ', '', 100, 1, 290, _binary ''),
	(6, 'Шулемка', '', 190, 1, 250, _binary ''),
	(7, 'Котлеты"Ласточкино гнездо"', '', 225, 2, 300, _binary ''),
	(9, 'Вареники', '', 150, 2, 345, _binary ''),
	(10, 'Пельмени', '', 278, 2, 350, _binary ''),
	(12, 'Свинина по-степному', '', 390, 2, 400, _binary ''),
	(13, 'Жареный картофель', '', 200, 2, 200, _binary ''),
	(15, 'Куриное филе', '', 386, 2, 350, _binary ''),
	(17, 'С помидорами и колбасой', '', 150, 3, 100, _binary ''),
	(19, 'Оливье', '', 130, 3, 100, _binary ''),
	(20, 'Маскарад', '', 150, 3, 100, _binary ''),
	(22, 'Дамский каприз', '', 160, 3, 100, _binary ''),
	(23, 'Царский', '', 140, 3, 100, _binary ''),
	(24, 'Милан', '', 140, 3, 100, _binary '');
/*!40000 ALTER TABLE `dish` ENABLE KEYS */;

-- Дамп структуры для таблица dish.signup
CREATE TABLE IF NOT EXISTS `signup` (
  `user_id` int(11) NOT NULL AUTO_INCREMENT,
  `username` varchar(50) NOT NULL DEFAULT '',
  `password` varchar(50) NOT NULL,
  `number_mob` int(18) NOT NULL,
  `email` varchar(80) NOT NULL,
  `id_role` int(11) NOT NULL,
  PRIMARY KEY (`user_id`)
) ENGINE=InnoDB AUTO_INCREMENT=12 DEFAULT CHARSET=utf8;

-- Дамп данных таблицы dish.signup: ~3 rows (приблизительно)
/*!40000 ALTER TABLE `signup` DISABLE KEYS */;
INSERT IGNORE INTO `signup` (`user_id`, `username`, `password`, `number_mob`, `email`, `id_role`) VALUES
	(2, 'admin', 'fd9eb3b957244f60e09613028b277bb50c1e7090', 0, '', 0),
	(9, 'Андрей Ветров', '40bd001563085fc35165329ea1ff5c5ecbdbbeef', 2147483647, 'vesstrov4942@gmail.com', 0),
	(11, 'Игнат Маслов', '7110eda4d09e062aa5e4a390b0a572ac0d2c0220', 2147483647, 'ign@mail.com', 0);
/*!40000 ALTER TABLE `signup` ENABLE KEYS */;

-- Дамп структуры для таблица dish.time
CREATE TABLE IF NOT EXISTS `time` (
  `id` int(11) NOT NULL AUTO_INCREMENT,
  `time` text NOT NULL,
  PRIMARY KEY (`id`)
) ENGINE=InnoDB AUTO_INCREMENT=4 DEFAULT CHARSET=utf8;

-- Дамп данных таблицы dish.time: ~3 rows (приблизительно)
/*!40000 ALTER TABLE `time` DISABLE KEYS */;
INSERT IGNORE INTO `time` (`id`, `time`) VALUES
	(1, 'Супы'),
	(2, 'Второе'),
	(3, 'Салаты');
/*!40000 ALTER TABLE `time` ENABLE KEYS */;

/*!40101 SET SQL_MODE=IFNULL(@OLD_SQL_MODE, '') */;
/*!40014 SET FOREIGN_KEY_CHECKS=IF(@OLD_FOREIGN_KEY_CHECKS IS NULL, 1, @OLD_FOREIGN_KEY_CHECKS) */;
/*!40101 SET CHARACTER_SET_CLIENT=@OLD_CHARACTER_SET_CLIENT */;
